Category,Brand,ItemName,Variant,Colors,SellingPrice,Discount,Discount_validity,Exchange_Bonus,CC_discount,CC_discount_validity,CC_banks,CC_type,DC_discount,DC_discount_validity,DC_banks,DC_type,EMI_discount,EMI_discount_validity,EMI_Banks,EMI_type,EMI_tenure,Paper_finance,GoGizmo_offers,Column 1
MOBILE,REDMI,RedmiA3,3+64,BLUE/BLACK/GREEN,"6,999",0,,0,0,,,,,,,,0,,,,,,,
MOBILE,REDMI,RedmiA3,4+128,BLUE/BLACK/GREEN,"7,999",0,,0,0,,,,,,,,0,,,,,,,
MOBILE,REDMI,RedmiA3,6+128,BLUE/BLACK/GREEN,"8,999",0,,0,0,,,,,,,,0,,,,,,,
MOBILE,REDMI,RedmiA3x,3+64,BLUE/BLACK/GREEN/WHITE,"6,999",0,,0,0,,,,,,,,0,,,,,,,
MOBILE,REDMI,RedmiA3x,4+128,BLUE/BLACK/GREEN/WHITE,"7,999",0,,0,0,,,,,,,,0,,,,,,,
MOBILE,REDMI,Redmi A4 5G,4+64,BLACK/PURPLE,"8,999",0,,0,500,1st Dec'24 to 31st Dec'24,,,,,,,500,1st Dec'24 to 31st Dec'24,,,,,,
MOBILE,REDMI,Redmi A4 5G,4+128,BLACK/PURPLE,"9,999",0,,0,500,1st Dec'24 to 31st Dec'24,,,,,,,500,1st Dec'24 to 31st Dec'24,,,,,,
MOBILE,REDMI,Redmi13C,4+128,SILVER/GREEN/BLACK,8999,700,1st Dec'24 to 31st Dec'24,0,1300,1st Dec'24 to 31st Dec'24,"SBI,KOTAK,J&K,BOB,AXIS",CB,,,,,1300,1st Dec'24 to 31st Dec'24,"SBI,KOTAK,J&K,BOB,AXIS",CB,"3,6 NCE",,,
MOBILE,REDMI,Redmi13C,6+128,SILVER/GREEN/BLACK,9999,700,1st Dec'24 to 31st Dec'24,0,1000,1st Dec'24 to 31st Dec'24,"SBI,KOTAK,J&K,BOB,AXIS",CB,,,,,1000,1st Dec'24 to 31st Dec'24,"SBI,KOTAK,J&K,BOB,AXIS",CB,"3,6 NCE",,,
MOBILE,REDMI,Redmi13C,8+256,SILVER/GREEN/BLACK,"10,999",0,,0,1000,1st Dec'24 to 31st Dec'24,"SBI,KOTAK,J&K,BOB,AXIS",CB,,,,,1000,1st Dec'24 to 31st Dec'24,"SBI,KOTAK,J&K,BOB,AXIS",CB,"3,6 NCE",No-cost EMI for Upto 9 months,,
MOBILE,REDMI,Redmi 13C 5G,4+128,SILVER/GREEN/BLACK,10499,300,1st Dec'24 to 31st Dec'24,0,1200,1st Dec'24 to 31st Dec'24,"SBI,KOTAK,J&K,BOB,AXIS",CB,,,,,1200,1st Dec'24 to 31st Dec'24,"SBI,KOTAK,J&K,BOB,AXIS",CB,"3,6 NCE",,,
MOBILE,REDMI,Redmi 13C 5G,6+128,SILVER/GREEN/BLACK,11999,500,1st Dec'24 to 31st Dec'24,0,750,1st Dec'24 to 31st Dec'24,"SBI,KOTAK,J&K,BOB,AXIS",CB,,,,,750,1st Dec'24 to 31st Dec'24,"SBI,KOTAK,J&K,BOB,AXIS",CB,"3,6 NCE",No-cost EMI for Upto 9 months,,
MOBILE,REDMI,Redmi 13C 5G,8+256,SILVER/GREEN/BLACK,13999,500,1st Dec'24 to 31st Dec'24,0,750,1st Dec'24 to 31st Dec'24,"SBI,KOTAK,J&K,BOB,AXIS",CB,,,,,750,1st Dec'24 to 31st Dec'24,"SBI,KOTAK,J&K,BOB,AXIS",CB,"3,6 NCE",No-cost EMI for Upto 9 months,,
MOBILE,REDMI,Redmi12,4+128,SILVER/GREEN/BLACK,"9,499",0,,0,0,,,,,,,,0,,,,,,,
MOBILE,REDMI,Redmi12,6+128,SILVER/GREEN/BLACK,"9,999",0,,0,0,,,,,,,,0,,,,,,,
MOBILE,REDMI,Redml12 5G,4+128,SILVER/GREEN/BLACK,"11,999",0,,0,0,,,,,,,,0,,,,,,,
MOBILE,REDMI,Redmi12 5G,6+128,SILVER/GREEN/BLACK,"12,499",0,,0,0,,,,,,,,0,,,,,,,
MOBILE,REDMI,Redmi12 5G,8+256,SILVER/GREEN/BLACK,"14,499",0,,0,0,,,,,,,,0,,,,,,,
MOBILE,REDMI,Redmi13 5G,6+128,BLACK/BLUE/PINK,"13,999",1000,TPD till 31st Dec,0,0,,,,,,,,0,,,,"3,6 NCE",No-cost EMI for Upto 10 months,,
MOBILE,REDMI,Redmi13 5G,8+128,BLACK/BLUE/PINK,"15,499",1000,TPD till 31st Dec,0,0,,,,,,,,0,,,,"3,6 NCE",No-cost EMI for Upto 10 months,,
MOBILE,REDMI,Redmi Note 13 5G,6+128,BLACK/WHITE/PURPLE,"16,999",1000,1st Dec'24 to 31st Dec'24,UPTO 1000,1000,1st Dec'24 to 31st Dec'24,ICICl/SBl/HOFC/Kotak/IOFC/J&K,ICB/CB,,,,,1000,1st Dec'24 to 31st Dec'24,ICICl/SBl/HOFC/Kotak/IOFC/J&K,ICB/CB,"3,6,9,12 NCE",No-cost EMI for Upto 18 months,,
MOBILE,REDMI,Redmi Note 13 5G,8+256,BLACK/WHITE/PURPLE,"18,999",1000,1st Dec'24 to 31st Dec'24,UPTO 1000,1000,1st Dec'24 to 31st Dec'24,ICICl/SBl/HOFC/Kotak/IOFC/J&K,ICB/CB,,,,,1000,1st Dec'24 to 31st Dec'24,ICICl/SBl/HOFC/Kotak/IOFC/J&K,ICB/CB,"3,6,9,12 NCE",No-cost EMI for Upto 18 months,,
MOBILE,REDMI,Redmi Note 13 5G,12+256,BLACK/WHITE/PURPLE,"19,999",1000,1st Dec'24 to 31st Dec'24,UPTO 1000,1000,1st Dec'24 to 31st Dec'24,ICICl/SBl/HOFC/Kotak/IOFC/J&K,ICB/CB,,,,,1000,1st Dec'24 to 31st Dec'24,ICICl/SBl/HOFC/Kotak/IOFC/J&K,ICB/CB,"3,6,9,12 NCE",No-cost EMI for Upto 18 months,,
MOBILE,REDMI,RedmiNote 13 Pro 5G,8+128,BLACK/WHITE/PURPLE/RED,"23,999",1000,1st Dec'24 to 31st Dec'24,UPTO 3000,3000,1st Dec'24 to 31st Dec'24,ICICl/SBl/HOFC/Kotak/IOFC/J&K,ICB/CB,,,,,3000,1st Dec'24 to 31st Dec'24,ICICl/SBl/HOFC/Kotak/IOFC/J&K,ICB/CB,"3,6,9,12 NCE",No-cost EMI for Upto 18 months,,
MOBILE,REDMI,RedmiNote 13 Pro 5G,8+256,BLACK/WHITE/PURPLE/RED,"25,999",1000,1st Dec'24 to 31st Dec'24,UPTO 3000,3000,1st Dec'24 to 31st Dec'24,ICICl/SBl/HOFC/Kotak/IOFC/J&K,ICB/CB,,,,,3000,1st Dec'24 to 31st Dec'24,ICICl/SBl/HOFC/Kotak/IOFC/J&K,ICB/CB,"3,6,9,12 NCE",No-cost EMI for Upto 18 months,,
MOBILE,REDMI,RedmiNote 13 Pro 5G,12+256,BLACK/WHITE/PURPLE/RED,"27,999",2000,1st Dec'24 to 31st Dec'24,UPTO 3000,3000,1st Dec'24 to 31st Dec'24,ICICl/SBl/HOFC/Kotak/IOFC/J&K,ICB/CB,,,,,3000,1st Dec'24 to 31st Dec'24,ICICl/SBl/HOFC/Kotak/IOFC/J&K,ICB/CB,"3,6,9,12 NCE",No-cost EMI for Upto 18 months,,
MOBILE,REDMI,RedmiNote 13 Pro+5G,8+256,BLACK/WHITE/PURPLE,"29,499",1500,1st Dec'24 to 31st Dec'24,UPTO 3000,3000,1st Dec'24 to 31st Dec'24,ICICl/SBl/HOFC/Kotak/IOFC/J&K,ICB/CB,,,,,3000,1st Dec'24 to 31st Dec'24,ICICl/SBl/HOFC/Kotak/IOFC/J&K,ICB/CB,"3,6,9,12 NCE",No-cost EMI for Upto 18 months,,
MOBILE,REDMI,RedmlNote 13 Pro+5G,12+256,BLACK/WHITE/PURPLE,"31,499",1500,1st Dec'24 to 31st Dec'24,UPTO 3000,3000,1st Dec'24 to 31st Dec'24,ICICl/SBl/HOFC/Kotak/IOFC/J&K,ICB/CB,,,,,3000,1st Dec'24 to 31st Dec'24,ICICl/SBl/HOFC/Kotak/IOFC/J&K,ICB/CB,"3,6,9,12 NCE",No-cost EMI for Upto 18 months,,
MOBILE,REDMI,RedmiNote 13 Pro+ 5G,12+512,BLACK/WHITE/PURPLE,"33,499",1500,1st Dec'24 to 31st Dec'24,UPTO 3000,3000,1st Dec'24 to 31st Dec'24,ICICl/SBl/HOFC/Kotak/IOFC/J&K,ICB/CB,,,,,3000,1st Dec'24 to 31st Dec'24,ICICl/SBl/HOFC/Kotak/IOFC/J&K,ICB/CB,"3,6,9,12 NCE",No-cost EMI for Upto 18 months,,
MOBILE,REDMI,REDMI NOTE 14 5G,6+128,BLACK/WHITE/PURPLE,"18,999",0,,UPTO 1000,1000,13th Dec'24 to 31st Dec'24," ICICI,HDFC,J&K",ICB,,,,,1000,13th Dec'24 to 31st Dec'24," ICICI,HDFC,J&K",ICB,"3,6 NCE",No-cost EMI for Upto 12 months,,
MOBILE,REDMI,REDMI NOTE 14 5G,8+128,BLACK/WHITE/PURPLE,"19,999",0,,UPTO 1000,1000,13th Dec'24 to 31st Dec'24," ICICI,HDFC,J&K",ICB,,,,,1000,13th Dec'24 to 31st Dec'24," ICICI,HDFC,J&K",ICB,"3,6 NCE",No-cost EMI for Upto 12 months,,
MOBILE,REDMI,REDMI NOTE 14 5G,8+256,BLACK/WHITE/PURPLE,"21,999",0,,UPTO 1000,1000,13th Dec'24 to 31st Dec'24," ICICI,HDFC,J&K",ICB,,,,,1000,13th Dec'24 to 31st Dec'24," ICICI,HDFC,J&K",ICB,"3,6 NCE",No-cost EMI for Upto 12 months,,
MOBILE,REDMI,REDMI NOTE 14 PRO 5G,8+128,BLACK/GREEN/PURPLE,"24,999",0,,UPTO 1000,1000,13th Dec'24 to 31st Dec'24," ICICI,HDFC,J&K",ICB,,,,,1000,13th Dec'24 to 31st Dec'24," ICICI,HDFC,J&K",ICB,"3,6,9 NCE",No-cost EMI for Upto 18 months,,
MOBILE,REDMI,REDMI NOTE 14 PRO 5G,8+256,BLACK/GREEN/PURPLE,"26,999",0,,UPTO 1000,1000,13th Dec'24 to 31st Dec'24," ICICI,HDFC,J&K",ICB,,,,,1000,13th Dec'24 to 31st Dec'24," ICICI,HDFC,J&K",ICB,"3,6,9 NCE",No-cost EMI for Upto 18 months,,
MOBILE,REDMI,REDMI NOTE 14 PRO+ 5G,8+128,BLACK/BLUE/PURPLE,"30,999",0,,UPTO 1000,1000,13th Dec'24 to 31st Dec'24," ICICI,HDFC,J&K",ICB,,,,,1000,13th Dec'24 to 31st Dec'24," ICICI,HDFC,J&K",ICB,"3,6,9 NCE",No-cost EMI for Upto 18 months,,
MOBILE,REDMI,REDMI NOTE 14 PRO+ 5G,8+256,BLACK/BLUE/PURPLE,"32,999",0,,UPTO 1000,1000,13th Dec'24 to 31st Dec'24," ICICI,HDFC,J&K",ICB,,,,,1000,13th Dec'24 to 31st Dec'24," ICICI,HDFC,J&K",ICB,"3,6,9 NCE",No-cost EMI for Upto 18 months,,
MOBILE,REDMI,REDMI NOTE 14 PRO+ 5G,12+512,BLACK/BLUE/PURPLE,"35,999",0,,UPTO 1000,1000,13th Dec'24 to 31st Dec'24," ICICI,HDFC,J&K",ICB,,,,,1000,13th Dec'24 to 31st Dec'24," ICICI,HDFC,J&K",ICB,"3,6,9 NCE",No-cost EMI for Upto 18 months,,
MOBILE,REDMI,Xiaomi 14 Civi,8+256,BLUE/GREEN/WHITE,"42,999",2000,1st Dec'24 to 31st Dec'24,UPTO 1000,1000,1st Dec'24 to 31st Dec'24, ICICl/HDFC/SBl/Axis/Kotak/J&K,ICB,,,,,1000,1st Dec'24 to 31st Dec'24, ICICl/HDFC/SBl/Axis/Kotak/J&K,ICB,Upto 12 Months NCE,No-cost EMI for Upto 18 months,,
MOBILE,REDMI,Xiaomi 14 Civi,12+512,BLUE/GREEN/WHITE,"47,999",2000,1st Dec'24 to 31st Dec'24,UPTO 1000,1000,1st Dec'24 to 31st Dec'24, ICICl/HDFC/SBl/Axis/Kotak/J&K,ICB,,,,,1000,1st Dec'24 to 31st Dec'24, ICICl/HDFC/SBl/Axis/Kotak/J&K,ICB,Upto 12 Months NCE,No-cost EMI for Upto 18 months,,
MOBILE,REDMI,Xiaomi 14 CiviLimited Edition,12+512,BLUE/WHITE,"48,999",2000,1st Dec'24 to 31st Dec'24,UPTO 1000,1000,1st Dec'24 to 31st Dec'24, ICICl/HDFC/SBl/Axis/Kotak/J&K,ICB,,,,,1000,1st Dec'24 to 31st Dec'24, ICICl/HDFC/SBl/Axis/Kotak/J&K,ICB,Upto 12 Months NCE,No-cost EMI for Upto 18 months,,
MOBILE,REDMI,Xiaomi 14,12+512,-,69999,10000,1st Dec'24 to 31st Dec'24,UPTO 8000,10000,1st Dec'24 to 31st Dec'24, ICICl/HDFC/SBl/Axis/Kotak/J&K,ICB,,,,,10000,1st Dec'24 to 31st Dec'24, ICICl/HDFC/SBl/Axis/Kotak/J&K,ICB,Upto 18 Months NCE,No-cost EMI for Upto 36 months,,
MOBILE,REDMI,Xiaomi 14 Ultra,16+512,-,99999,0,,UPTO 5000,5000,1st Dec'24 to 31st Dec'24, Axis/ICICI/Amex/J&K,ICB,,,,,5000,1st Dec'24 to 31st Dec'24, Axis/ICICI/Amex/J&K,ICB,Upto 18 Months NCE,No-cost EMI for Upto 36 months,,
MOBILE,VIVO,X Fold3 Pro(16+512G),16+512,BLACK/WHITE,159999,0,,0,10% upto 12000,1st Dec'24 to 31st Dec'24,"SBI, DBS, AMEX, IDFC, INDUSIND , PNB, J&K, UPI",ICB,,,,,10% upto 12000,1st Dec'24 to 31st Dec'24,"SBI, DBS, AMEX, IDFC, INDUSIND , PNB, J&K, UPI",ICB,"3,6,9 NCE",No-cost EMI for Upto 24 months,,
MOBILE,VIVO,X100 Pro(16+512G),16+512,BLUE/BLACK/ORANGE/WHITE,89999,0,,0,6000,1st Dec'24 to 31st Dec'24,"IDFC, DBS, IndusInd, PNB, J&K, SBI, Amex, Kotak, UPI",ICB,,,,,6000,1st Dec'24 to 31st Dec'24,"IDFC, DBS, IndusInd, PNB, J&K, SBI, Amex, Kotak, UPI",ICB,"3,6,9 NCE",No-cost EMI for Upto 24 months,,
MOBILE,VIVO,X90 Pro(12+256G),12+256,BLACK/BLUE,74999,0,,0,4000,1st Dec'24 to 31st Dec'24,"IDFC, DBS, IndusInd, PNB, J&K, SBI, Amex, Kotak",ICB,,,,,-,1st Dec'24 to 31st Dec'24,"IDFC, DBS, IndusInd, PNB, J&K, SBI, Amex, Kotak",ICB,"3,6,9 NCE",No-cost EMI for Upto 18 months,,
MOBILE,VIVO,X100(16+512G),16+512,BLUE/BLACK/ORANGE/WHITE,69999,0,,0,4000,1st Dec'24 to 31st Dec'24,"IDFC, DBS, IndusInd, PNB, J&K, SBI, Amex, Kotak, UPI",ICB,,,,,4000,1st Dec'24 to 31st Dec'24,"IDFC, DBS, IndusInd, PNB, J&K, SBI, Amex, Kotak, UPI",ICB,"3,6,9 NCE",No-cost EMI for Upto 24 months,,
MOBILE,VIVO,X90(12+256G),12+256,BLACK/BLUE,63999,0,,0,4000,1st Dec'24 to 31st Dec'24,"IDFC, DBS, IndusInd, PNB, J&K, SBI, Amex, Kotak",ICB,,,,,-,1st Dec'24 to 31st Dec'24,"IDFC, DBS, IndusInd, PNB, J&K, SBI, Amex, Kotak",ICB,"3,6,9 NCE",No-cost EMI for Upto 18 months,,
MOBILE,VIVO,X100(12+256G),12+256,BLUE/BLACK/ORANGE/WHITE,63999,0,,0,4000,1st Dec'24 to 31st Dec'24,"IDFC, DBS, IndusInd, PNB, J&K, SBI, Amex, Kotak, UPI",ICB,,,,,4000,1st Dec'24 to 31st Dec'24,"IDFC, DBS, IndusInd, PNB, J&K, SBI, Amex, Kotak, UPI",ICB,"3,6,9 NCE",No-cost EMI for Upto 24 months,,
MOBILE,VIVO,X90(8+256G),8+256,BLACK/BLUE,59999,0,,0,4000,1st Dec'24 to 31st Dec'24,"IDFC, DBS, IndusInd, PNB, J&K, SBI, Amex, Kotak",ICB,,,,,-,1st Dec'24 to 31st Dec'24,"IDFC, DBS, IndusInd, PNB, J&K, SBI, Amex, Kotak",ICB,"3,6,9 NCE",No-cost EMI for Upto 18 months,,
MOBILE,VIVO,V40 Pro(12+512G),12+512,PURPLE/BLUE/WHITE/SILVER,55999,0,,UPTO 3000,3000,1st Dec'24 to 31st Dec'24,"IDFC, DBS, IndusInd, PNB, J&K, SBI, Yes, BOB, Federal, Amex, Kotak",ICB,,,,,1500,1st Dec'24 to 31st Dec'24,"IDFC, DBS, IndusInd, PNB, J&K, SBI, Yes, BOB, Federal, Amex, Kotak",ICB,"3,6 NCE",No-cost EMI for Upto 15 months,,
MOBILE,VIVO,V40 Pro(8+256G),8+256,PURPLE/BLUE/WHITE/SILVER,49999,0,,UPTO 3000,3000,1st Dec'24 to 31st Dec'24,"IDFC, DBS, IndusInd, PNB, J&K, SBI, Yes, BOB, Federal, Amex, Kotak",ICB,,,,,1500,1st Dec'24 to 31st Dec'24,"IDFC, DBS, IndusInd, PNB, J&K, SBI, Yes, BOB, Federal, Amex, Kotak",ICB,"3,6 NCE",No-cost EMI for Upto 15 months,,
MOBILE,VIVO,V30 Pro(12+512G),12+512,BLUE/GREEN/BLACK,46999,0,,0,1500,1st Dec'24 to 31st Dec'24,"IDFC, DBS, IndusInd, PNB, J&K, AU, SBI, Yes, BOB, Federal, Amex, Kotak, HDFC",ICB,,,,,-,1st Dec'24 to 31st Dec'24,"IDFC, DBS, IndusInd, PNB, J&K, AU, SBI, Yes, BOB, Federal, Amex, Kotak, HDFC",ICB,3 NCE,No-cost EMI for Upto 15 months,,
MOBILE,VIVO,V29 Pro(12+256G),12+256,RED/BLUE/BLACK,42999,0,,0,1500,1st Dec'24 to 31st Dec'24,"IDFC, DBS, IndusInd, PNB, J&K, AU, SBI, Yes, BOB, Federal, Amex, Kotak, HDFC",ICB,,,,,-,1st Dec'24 to 31st Dec'24,"IDFC, DBS, IndusInd, PNB, J&K, AU, SBI, Yes, BOB, Federal, Amex, Kotak, HDFC",ICB,3 NCE,No-cost EMI for Upto 15 months,,
MOBILE,VIVO,V30 Pro(8+256G),8+256,BLUE/GREEN/BLACK/WHITE,41999,0,,0,1500,1st Dec'24 to 31st Dec'24,"IDFC, DBS, IndusInd, PNB, J&K, AU, SBI, Yes, BOB, Federal, Amex, Kotak, HDFC",ICB,,,,,-,1st Dec'24 to 31st Dec'24,"IDFC, DBS, IndusInd, PNB, J&K, AU, SBI, Yes, BOB, Federal, Amex, Kotak, HDFC",ICB,3 NCE,No-cost EMI for Upto 15 months,,
MOBILE,VIVO,V40(12+512G),12+512,PURPLE/BLUE/WHITE/SILVER,41999,0,,UPTO 2500,2500,1st Dec'24 to 31st Dec'24,"IDFC, DBS, IndusInd, PNB, J&K, SBI, Yes, BOB, Federal, Amex, Kotak",ICB,,,,,1500,1st Dec'24 to 31st Dec'24,"IDFC, DBS, IndusInd, PNB, J&K, SBI, Yes, BOB, Federal, Amex, Kotak",ICB,"3,6 NCE",No-cost EMI for Upto 15 months,,
MOBILE,VIVO,V29 Pro(8+256G),8+256G,RED/BLUE/BLACK,39999,0,,0,1500,1st Dec'24 to 31st Dec'24,"IDFC, DBS, IndusInd, PNB, J&K, AU, SBI, Yes, BOB, Federal, Amex, Kotak, HDFC",ICB,,,,,-,1st Dec'24 to 31st Dec'24,"IDFC, DBS, IndusInd, PNB, J&K, AU, SBI, Yes, BOB, Federal, Amex, Kotak, HDFC",ICB,"3,6 NCE",No-cost EMI for Upto 15 months,,
MOBILE,VIVO,V29(12+256G),12+256G,RED/BLUE/BLACK,36999,0,,0,1500,1st Dec'24 to 31st Dec'24,"IDFC, DBS, IndusInd, PNB, J&K, AU, SBI, Yes, BOB, Federal, Amex, Kotak, HDFC",ICB,,,,,-,1st Dec'24 to 31st Dec'24,"IDFC, DBS, IndusInd, PNB, J&K, AU, SBI, Yes, BOB, Federal, Amex, Kotak, HDFC",ICB,3 NCE,No-cost EMI for Upto 15 months,,
MOBILE,VIVO,V40(8+256G),8+256G,PURPLE/BLUE/WHITE/SILVER,36999,0,,UPTO 2000,2000,1st Dec'24 to 31st Dec'24,"IDFC, DBS, IndusInd, PNB, J&K, SBI, Yes, BOB, Federal, Amex, Kotak",ICB,,,,,1000,1st Dec'24 to 31st Dec'24,"IDFC, DBS, IndusInd, PNB, J&K, SBI, Yes, BOB, Federal, Amex, Kotak",ICB,"3,6 NCE",No-cost EMI for Upto 15 months,,
MOBILE,VIVO,T3 Ultra(12+256G),12+256G,GREEN/GRAY,35999,0,,0,"2000 (1st-16th Dec24)
3000 (17th-31st Dec24)",1st Dec'24 to 31st Dec'24,"Yes, BOB, Federal, IDFC, DBS, SBI, IndusInd, AU, PNB, J&K",ICB,,,,,-,1st Dec'24 to 31st Dec'24,"Yes, BOB, Federal, IDFC, DBS, SBI, IndusInd, AU, PNB, J&K",ICB,"3,6 NCE",No-cost EMI for Upto 15 months,,
MOBILE,VIVO,V40(8+128G),8+128G,PURPLE/BLUE/WHITE/SILVER,34999,0,,UPTO 2000,2000,1st Dec'24 to 31st Dec'24," IDFC, DBS, IndusInd, PNB, J&K, SBI, Yes, BOB, Federal, Amex, Kotak",ICB,,,,,1000,1st Dec'24 to 31st Dec'24," IDFC, DBS, IndusInd, PNB, J&K, SBI, Yes, BOB, Federal, Amex, Kotak",ICB,"3,6 NCE",No-cost EMI for Upto 15 months,,
MOBILE,VIVO,V30(12+256G),12+256,BLUE/GREEN/BLACK/WHITE,33999,0,,0,2500,1st Dec'24 to 31st Dec'24,"IDFC, DBS, IndusInd, PNB, J&K, SBI, Yes, BOB, Federal, Amex, Kotak, HDFC",ICB,,,,,-,1st Dec'24 to 31st Dec'24,"IDFC, DBS, IndusInd, PNB, J&K, SBI, Yes, BOB, Federal, Amex, Kotak, HDFC",ICB,3 NCE,No-cost EMI for Upto 15 months,,
MOBILE,VIVO,T3 Ultra(8+256G),8+256,GREEN/GRAY,33999,0,,0,"2000 (1st-16th Dec24)
3000 (17th-31st Dec24)",1st Dec'24 to 31st Dec'24," Yes, BOB, Federal, IDFC, DBS, SBI, IndusInd, AU, PNB, J&K ",ICB,,,,,-,1st Dec'24 to 31st Dec'24," Yes, BOB, Federal, IDFC, DBS, SBI, IndusInd, AU, PNB, J&K ",ICB,"3,6 NCE",No-cost EMI for Upto 15 months,,
MOBILE,VIVO,V29(8+128G),8+128G,RED/BLUE/BLACK,32999,0,,0,1500,1st Dec'24 to 31st Dec'24,"IDFC, DBS, IndusInd, PNB, J&K, AU, SBI, Yes, BOB, Federal, Amex, Kotak, HDFC",ICB,,,,,-,1st Dec'24 to 31st Dec'24,"IDFC, DBS, IndusInd, PNB, J&K, AU, SBI, Yes, BOB, Federal, Amex, Kotak, HDFC",ICB,"3,6 NCE",No-cost EMI for Upto 15 months,,
MOBILE,VIVO,V30(8+256G),8+256,BLUE/GREEN/BLACK/WHITE,31999,0,,0,2500,1st Dec'24 to 31st Dec'24," IDFC, DBS, IndusInd, PNB, J&K, SBI, Yes, BOB, Federal, Amex, Kotak, HDFC",ICB,,,,,-,1st Dec'24 to 31st Dec'24," IDFC, DBS, IndusInd, PNB, J&K, SBI, Yes, BOB, Federal, Amex, Kotak, HDFC",ICB,3 NCE,No-cost EMI for Upto 15 months,,
MOBILE,VIVO,T3 Ultra(8+128G),8+128,GREEN/GRAY,31999,0,,0,"2000 (1st-16th Dec24)
3000 (17th-31st Dec24)",1st Dec'24 to 31st Dec'24,"Yes, BOB, Federal, IDFC, DBS, SBI, IndusInd, AU, PNB, J&K",ICB,,,,,-,1st Dec'24 to 31st Dec'24,"Yes, BOB, Federal, IDFC, DBS, SBI, IndusInd, AU, PNB, J&K",ICB,"3,6 NCE",No-cost EMI for Upto 15 months,,
MOBILE,VIVO,V40e(8+256G),8+256G,BRONZE/GREEN,30999,0,,0,2000,1st Dec'24 to 31st Dec'24," IDFC, DBS, IndusInd, PNB, J&K, SBI, Yes, BOB, Federal, Amex, Kotak ",ICB,,,,,1500,1st Dec'24 to 31st Dec'24," IDFC, DBS, IndusInd, PNB, J&K, SBI, Yes, BOB, Federal, Amex, Kotak ",ICB,"3,6 NCE",No-cost EMI for Upto 24 months,,
MOBILE,VIVO,V30(8+128G),8+128,BLUE/GREEN/BLACK/WHITE,29999,0,,0,2500,1st Dec'24 to 31st Dec'24," IDFC, DBS, IndusInd, PNB, J&K, SBI, Yes, BOB, Federal, Amex, Kotak, HDFC",ICB,,,,,NA,1st Dec'24 to 31st Dec'24," IDFC, DBS, IndusInd, PNB, J&K, SBI, Yes, BOB, Federal, Amex, Kotak, HDFC",ICB,3 NCE,No-cost EMI for Upto 15 months,,
MOBILE,VIVO,V40e(8+128G),8+128,BRONZE/GREEN,28999,0,,UPTO 2000,2000,1st Dec'24 to 31st Dec'24,"IDFC, DBS, IndusInd, PNB, J&K, SBI, Yes, BOB, Federal, Amex, Kotak",ICB,,,,,1500,1st Dec'24 to 31st Dec'24,"IDFC, DBS, IndusInd, PNB, J&K, SBI, Yes, BOB, Federal, Amex, Kotak",ICB,"3,6 NCE",No-cost EMI for Upto 24 months,,
MOBILE,VIVO,V29e(8+256G),8+256,BLUE/RED,27999,0,,0,1000,1st Dec'24 to 31st Dec'24,"IDFC, DBS, IndusInd, PNB, J&K, AU, SBI, Yes, BOB, Federal, Amex, Kotak, HDFC",ICB,,,,,-,1st Dec'24 to 31st Dec'24,"IDFC, DBS, IndusInd, PNB, J&K, AU, SBI, Yes, BOB, Federal, Amex, Kotak, HDFC",ICB,"3,6 NCE",No-cost EMI for Upto 15 months,,
MOBILE,VIVO,V30e(8+256G),8+256,BLUE/RED,27999,0,,UPTO 2000,1500,1st Dec'24 to 31st Dec'24," IDFC, DBS, IndusInd, PNB, J&K, AU, SBI, Yes, BOB, Federal, Amex, Kotak, HDFC",ICB,,,,,-,1st Dec'24 to 31st Dec'24," IDFC, DBS, IndusInd, PNB, J&K, AU, SBI, Yes, BOB, Federal, Amex, Kotak, HDFC",ICB,3 NCE,No-cost EMI for Upto 15 months,,
MOBILE,VIVO,T3 Pro 5G(8+256G),8+256,ORANGE/GREEN,26999,0,,0,"2000 (1st-16th Dec24)
3000 (17th-31st Dec24)",1st Dec'24 to 31st Dec'24," Yes, BOB, Federal, IDFC, DBS, SBI, IndusInd, AU, PNB, J&K",ICB,,,,,0,1st Dec'24 to 31st Dec'24," Yes, BOB, Federal, IDFC, DBS, SBI, IndusInd, AU, PNB, J&K",ICB,3 NCE,No-cost EMI for Upto 15 months,,
MOBILE,VIVO,V30e(8+128G),8+128,BLUE/RED,25999,0,,0,1500,1st Dec'24 to 31st Dec'24,"IDFC, DBS, IndusInd, PNB, J&K, AU, SBI, Yes, BOB, Federal, Amex, Kotak, HDFC",ICB,,,,,-,1st Dec'24 to 31st Dec'24,"IDFC, DBS, IndusInd, PNB, J&K, AU, SBI, Yes, BOB, Federal, Amex, Kotak, HDFC",ICB,3 NCE,No-cost EMI for Upto 15 months,,
MOBILE,VIVO,V29e(8+128G),8+128,BLUE/RED,25999,0,,0,1000,1st Dec'24 to 31st Dec'24,"IDFC, DBS, IndusInd, PNB, J&K, AU, SBI, Yes, BOB, Federal, Amex, Kotak, HDFC",ICB,,,,,-,1st Dec'24 to 31st Dec'24,"IDFC, DBS, IndusInd, PNB, J&K, AU, SBI, Yes, BOB, Federal, Amex, Kotak, HDFC",ICB,"3,6 NCE",No-cost EMI for Upto 15 months,,
MOBILE,VIVO,Y200 Pro 5G(8+128G),8+128,GREEN/BLACK,24999,0,,0,1000,1st Dec'24 to 31st Dec'24,"IDFC, DBS, IndusInd, PNB, J&K, AU, SBI, Yes, BOB, Federal, Kotak, HDFC ",ICB,,,,,750,1st Dec'24 to 31st Dec'24,"IDFC, DBS, IndusInd, PNB, J&K, AU, SBI, Yes, BOB, Federal, Kotak, HDFC ",ICB,"3,6 NCE",No-cost EMI for Upto 15 months,,
MOBILE,VIVO,T3 Pro 5G(8+128G),8+128,ORANGE/GREEN,24999,0,,0,"2000 (1st-16th Dec24)
3000 (17th-31st Dec24)",1st Dec'24 to 31st Dec'24,"Yes, BOB, Federal, IDFC, DBS, SBI, IndusInd, AU, PNB, J&K",ICB,,,,,-,1st Dec'24 to 31st Dec'24,"Yes, BOB, Federal, IDFC, DBS, SBI, IndusInd, AU, PNB, J&K",ICB,3 NCE,No-cost EMI for Upto 15 months,,
MOBILE,VIVO,Y300 5G(8+256G),8+256,GREEN/PURPLR/SILVER,23999,0,,0,2000,1st Dec'24 to 31st Dec'24,"IDFC, DBS, IndusInd, PNB, J&K, AU, SBI, Yes, BOB, Federal, Kotak, HDFC",ICB,,,,,1000,1st Dec'24 to 31st Dec'24,"IDFC, DBS, IndusInd, PNB, J&K, AU, SBI, Yes, BOB, Federal, Kotak, HDFC",ICB,"3,6 NCE",No-cost EMI for Upto 15 months,,
MOBILE,VIVO,Y300 Plus 5G(8+128G),8+128,BLACK/GREEN,23999,0,,0,2000,1st Dec'24 to 31st Dec'24," IDFC, DBS, IndusInd, PNB, J&K, AU, SBI, Yes, BOB, Federal, Kotak",ICB,,,,,1000,1st Dec'24 to 31st Dec'24," IDFC, DBS, IndusInd, PNB, J&K, AU, SBI, Yes, BOB, Federal, Kotak",ICB,"3,6 NCE",No-cost EMI for Upto 15 months,,
MOBILE,VIVO,Y200 5G(8+128G),8+128,GOLD/GREEN,21999,0,,0,1000,1st Dec'24 to 31st Dec'24,"IDFC, DBS, IndusInd, PNB, J&K, AU, SBI, Yes, BOB, Federal, Kotak, HDFC",ICB,,,,,750,1st Dec'24 to 31st Dec'24,"IDFC, DBS, IndusInd, PNB, J&K, AU, SBI, Yes, BOB, Federal, Kotak, HDFC",ICB,"3,6 NCE",No-cost EMI for Upto 15 months,,
MOBILE,VIVO,Y300 5G(8+128G),8+128,GREEN/PURPLR/SILVER,21999,0,,0,2000,1st Dec'24 to 31st Dec'24,"IDFC, DBS, IndusInd, PNB, J&K, AU, SBI, Yes, BOB, Federal, Kotak, HDFC",ICB,,,,,1000,1st Dec'24 to 31st Dec'24,"IDFC, DBS, IndusInd, PNB, J&K, AU, SBI, Yes, BOB, Federal, Kotak, HDFC",ICB,"3,6 NCE",No-cost EMI for Upto 15 months,,
MOBILE,VIVO,Y200 5G(8+256G),8+256,GOLD/GREEN,21999,0,,0,2000,1st Dec'24 to 31st Dec'24," IDFC, DBS, IndusInd, PNB, J&K, AU, SBI, Yes, BOB, Federal, Kotak",ICB,,,,,1000,1st Dec'24 to 31st Dec'24," IDFC, DBS, IndusInd, PNB, J&K, AU, SBI, Yes, BOB, Federal, Kotak",ICB,"3,6 NCE",No-cost EMI for Upto 15 months,,
MOBILE,VIVO,T3 5G(8+256G),8+256,CRYSTAL FLAKE/BLUE,20499,0,,0,"1500 (Rest Days)
2500 (25th-29th Dec24)",1st Dec'24 to 31st Dec'24,"Yes, BOB, Federal, IDFC, DBS, SBI, IndusInd, AU, PNB, J&K",ICB,,,,,-,1st Dec'24 to 31st Dec'24,"Yes, BOB, Federal, IDFC, DBS, SBI, IndusInd, AU, PNB, J&K",ICB,"3,6 NCE",No-cost EMI for Upto 12 months,,
MOBILE,VIVO,Y200e 5G(6+128G),6+128,SAFFRON DELIGHT/BLACK,19999,0,,0,1500,1st Dec'24 to 31st Dec'24,"IDFC, DBS, IndusInd, PNB, J&K, AU, SBI, Yes, BOB, Federal, HDFC",ICB,,,,,1000,1st Dec'24 to 31st Dec'24,"IDFC, DBS, IndusInd, PNB, J&K, AU, SBI, Yes, BOB, Federal, HDFC",ICB,"3,6 NCE",No-cost EMI for Upto 15 months,,
MOBILE,VIVO,Y200e 5G(8+128G),8+128,SAFFRON DELIGHT/BLACK,19999,0,,0,1500,1st Dec'24 to 31st Dec'24," IDFC, DBS, IndusInd, PNB, J&K, AU, SBI, Yes, BOB, Federal",ICB,,,,,1000,1st Dec'24 to 31st Dec'24," IDFC, DBS, IndusInd, PNB, J&K, AU, SBI, Yes, BOB, Federal",ICB,"3,6 NCE",No-cost EMI for Upto 15 months,,
MOBILE,VIVO,Y58 5G(8+128G),8+128,BLUE/GREEN,18499,0,,0,1000,1st Dec'24 to 31st Dec'24," IDFC, DBS, IndusInd, PNB, J&K, AU, SBI, Yes, BOB, Federal",ICB,,,,,750,1st Dec'24 to 31st Dec'24," IDFC, DBS, IndusInd, PNB, J&K, AU, SBI, Yes, BOB, Federal",ICB,"3,6 NCE",No-cost EMI for Upto 13 months,,
MOBILE,VIVO,T3 5G(8+128G),8+128,CRYSTAL FLAKE/BLUE,18499,0,,0,"1500 (Rest Days)
2500 (25th-29th Dec24)",1st Dec'24 to 31st Dec'24,"Yes, BOB, Federal, IDFC, DBS, SBI, IndusInd, AU, PNB, J&K",ICB,,,,,-,1st Dec'24 to 31st Dec'24,"Yes, BOB, Federal, IDFC, DBS, SBI, IndusInd, AU, PNB, J&K",ICB,"3,6 NCE",No-cost EMI for Upto 12 months,,
MOBILE,VIVO,Y28 5G(8+128G),8+128,ORANGE/GREEN,16499,0,,0,1000,1st Dec'24 to 31st Dec'24,"IDFC, DBS, IndusInd, PNB, J&K, AU, SBI, Yes, BOB, Federal, HDFC",ICB,,,,,750,1st Dec'24 to 31st Dec'24,"IDFC, DBS, IndusInd, PNB, J&K, AU, SBI, Yes, BOB, Federal, HDFC",ICB,"3,6 NCE",No-cost EMI for Upto 15 months,,
MOBILE,VIVO,Y28s 5G(8+128G),8+128,BROWN/PURPLE,16499,0,,0,1000,1st Dec'24 to 31st Dec'24,"IDFC, DBS, IndusInd, PNB, J&K, AU, SBI, Yes, BOB, Federal",ICB,,,,,750,1st Dec'24 to 31st Dec'24,"IDFC, DBS, IndusInd, PNB, J&K, AU, SBI, Yes, BOB, Federal",ICB,"3,6 NCE",No-cost EMI for Upto 15 months,,
MOBILE,VIVO,T3x 5G(8+128G),8+128,CRIMSON BLISS/CELESTIAL GREEN,15999,0,,0,"1250 (1st-21st Dec24)
1750 (22nd-31st Dec24)",1st Dec'24 to 31st Dec'24,"Yes, BOB, Federal, IDFC, DBS, SBI, IndusInd, AU, PNB, J&K ",ICB,,,,,-,,"Yes, BOB, Federal, IDFC, DBS, SBI, IndusInd, AU, PNB, J&K ",ICB,,,,
MOBILE,VIVO,Y28 5G(6+128G),6+128,ORANGE/GREEN,14999,0,,0,1000,1st Dec'24 to 31st Dec'24,"IDFC, DBS, IndusInd, PNB, J&K, AU, SBI, Yes, BOB, Federal, HDFC",ICB,,,,,750,1st Dec'24 to 31st Dec'24,"IDFC, DBS, IndusInd, PNB, J&K, AU, SBI, Yes, BOB, Federal, HDFC",ICB,"3,6 NCE",No-cost EMI for Upto 15 months,,
MOBILE,VIVO,Y28s 5G(6+128G),6+128,BROWN/PURPLE,14999,0,,0,1000,1st Dec'24 to 31st Dec'24," IDFC, DBS, IndusInd, PNB, J&K, AU, SBI, Yes, BOB, Federal",ICB,,,,,750,1st Dec'24 to 31st Dec'24," IDFC, DBS, IndusInd, PNB, J&K, AU, SBI, Yes, BOB, Federal",ICB,"3,6 NCE",No-cost EMI for Upto 15 months,,
MOBILE,VIVO,T3x 5G(6+128G),6+128,CRIMSON BLISS/CELESTIAL GREEN,14499,0,,0,"1250 (1st-21st Dec24)
1750 (22nd-31st Dec24)",1st Dec'24 to 31st Dec'24,"Yes, BOB, Federal, IDFC, DBS, SBI, IndusInd, AU, PNB, J&K",ICB,,,,,-,,"Yes, BOB, Federal, IDFC, DBS, SBI, IndusInd, AU, PNB, J&K",ICB,,,,
MOBILE,VIVO,Y28s 5G(4+128G),4+128,BROWN/PURPLE,13499,0,,0,1000,1st Dec'24 to 31st Dec'24," IDFC, DBS, IndusInd, PNB, J&K, AU, SBI, Yes, BOB, Federal",ICB,,,,,500,1st Dec'24 to 31st Dec'24," IDFC, DBS, IndusInd, PNB, J&K, AU, SBI, Yes, BOB, Federal",ICB,3 NCE,No-cost EMI for Upto 15 months,,
MOBILE,VIVO,Y28 5G(4+128G),4+128,ORANGE/GREEN,13499,0,,0,1000,1st Dec'24 to 31st Dec'24," IDFC, DBS, IndusInd, PNB, J&K, AU, SBI, Yes, BOB, Federal, HDFC",ICB,,,,,500,1st Dec'24 to 31st Dec'24," IDFC, DBS, IndusInd, PNB, J&K, AU, SBI, Yes, BOB, Federal, HDFC",ICB,3 NCE,No-cost EMI for Upto 15 months,,
MOBILE,VIVO,T3x 5G(4+128G),4+128,CRIMSON BLISS/CELESTIAL GREEN,12999,0,,0,"1250 (1st-21st Dec24)
1750 (22nd-31st Dec24)",1st Dec'24 to 31st Dec'24,"Yes, BOB, Federal, IDFC, DBS, SBI, IndusInd, AU, PNB, J&K",ICB,,,,,-,,"Yes, BOB, Federal, IDFC, DBS, SBI, IndusInd, AU, PNB, J&K",ICB,,,,
MOBILE,VIVO,T3 Lite 5G(6+128G),6+128,GREEN/BLACK,11499,0,,0,"500 (1st-21st Dec24)
1000 (22nd-31st Dec24)",1st Dec'24 to 31st Dec'24,"Yes, BOB, Federal, IDFC, DBS, SBI, IndusInd, AU, PNB, J&K",ICB,,,,,--,,"Yes, BOB, Federal, IDFC, DBS, SBI, IndusInd, AU, PNB, J&K",ICB,,,,
MOBILE,VIVO,T3 Lite 5G(4+128G),4+128,GREEN/BLACK,10499,0,,0,"500 (1st-21st Dec24)
1000 (22nd-31st Dec24)",1st Dec'24 to 31st Dec'24,"Yes, BOB, Federal, IDFC, DBS, SBI, IndusInd, AU, PNB, J&K",ICB,,,,,0,,"Yes, BOB, Federal, IDFC, DBS, SBI, IndusInd, AU, PNB, J&K",ICB,,,,
MOBILE,OPPO,FIND X8 PRO,16+512,GREY/BLACK/PINK,"99,999",0,,UPTO 8000,10% on Txn.,1st Dec'24 to 31st Dec'24,"SBI,HDFC,KOTAK,BOB,IDFC,AU,FEDERAL,DBS",CCEMI/DCEMI,,,,,10% on Txn.,1st Dec'24 to 31st Dec'24,"SBI,HDFC,KOTAK,BOB,IDFC,AU,FEDERAL,DBS",CCEMI/DCEMI,Upto 24 Months NCE,No-cost EMI for Upto 24 months,,
MOBILE,OPPO,FIND X8 16GB,16+512,BLACK/GREY,"79,999",0,,UPTO 8000,10% on Txn.,1st Dec'24 to 31st Dec'24,"SBI,HDFC,KOTAK,BOB,IDFC,AU,FEDERAL,DBS",CCEMI/DCEMI,,,,,10% on Txn.,1st Dec'24 to 31st Dec'24,"SBI,HDFC,KOTAK,BOB,IDFC,AU,FEDERAL,DBS",CCEMI/DCEMI,Upto 24 Months NCE,No-cost EMI for Upto 24 months,,
MOBILE,OPPO,FIND X8 12GB,12+256,BLACK/GREY,"69,999",0,,UPTO 8000,10% on Txn.,1st Dec'24 to 31st Dec'24,"SBI,HDFC,KOTAK,BOB,IDFC,AU,FEDERAL,DBS",CCEMI/DCEMI,,,,,10% on Txn.,1st Dec'24 to 31st Dec'24,"SBI,HDFC,KOTAK,BOB,IDFC,AU,FEDERAL,DBS",CCEMI/DCEMI,Upto 24 Months NCE,No-cost EMI for Upto 24 months,,
MOBILE,OPPO,FIND 2 FLIP,12+256,GOLD/BLACK,"89,999",0,,0,Upto 5k,1st Dec'24 to 31st Dec'24,"SBI,HDFC,KOTAK,BOB,IDFC,AU,FEDERAL,DBS",CCEMI/DCEMI,,,,,Upto 5k,1st Dec'24 to 31st Dec'24,"SBI,HDFC,KOTAK,BOB,IDFC,AU,FEDERAL,DBS",CCEMI/DCEMI,Upto 12 Months NCE,No-cost EMI for Upto 18 months,,
MOBILE,OPPO,FIND 3FLIP,12+256,GOLD/BLACK,"74,999",0,,0,Upto 5k,1st Dec'24 to 31st Dec'24,"SBI,HDFC,KOTAK,BOB,IDFC,AU,FEDERAL,DBS",CCEMI/DCEMI,,,,,Upto 5k,1st Dec'24 to 31st Dec'24,"SBI,HDFC,KOTAK,BOB,IDFC,AU,FEDERAL,DBS",CCEMI/DCEMI,Upto 12 Months NCE,No-cost EMI for Upto 18 months,,
MOBILE,OPPO,RENO 10 12GB 256GB,12+256,GREY/BLUE,"54,999",0,,0,Upto2k,1st Dec'24 to 31st Dec'24,"SBI,HDFC,KOTAK,BOB,IDFC,AU,FEDERAL,DBS",CCEMI/DCEMI,,,,,Upto2k,1st Dec'24 to 31st Dec'24,"SBI,HDFC,KOTAK,BOB,IDFC,AU,FEDERAL,DBS",CCEMI/DCEMI,"3,6 NCE",No-cost EMI for Upto 15 months,,
MOBILE,OPPO,RENO 12 Pro 12GB 512GB,12+512,PEACH/BROWN/SILVER,"40,999",0,,UPTO 3500,10% on Txn.,1st Dec'24 to 31st Dec'24,"SBI,HDFC,KOTAK,BOB,IDFC,AU,FEDERAL,DBS",CCEMI/DCEMI,,,,,10% on Txn.,1st Dec'24 to 31st Dec'24,"SBI,HDFC,KOTAK,BOB,IDFC,AU,FEDERAL,DBS",CCEMI/DCEMI,"3,6 NCE",No-cost EMI for Upto 18 months,,
MOBILE,OPPO,RENO 11 128GB,8+128,GREEN/GREY,"37,999",0,,0,-,,"SBI,HDFC,KOTAK,BOB,IDFC,AU,FEDERAL,DBS",CCEMI/DCEMI,,,,,-,,"SBI,HDFC,KOTAK,BOB,IDFC,AU,FEDERAL,DBS",CCEMI/DCEMI,"3,6 NCE",No-cost EMI for Upto 15 months,,
MOBILE,OPPO,RENO 10 12GB 256GB,12+256,GREY/BLUE,"37,999",0,,0,Upto2k,1st Dec'24 to 31st Dec'24,"SBI,HDFC,KOTAK,BOB,IDFC,AU,FEDERAL,DBS",CCEMI/DCEMI,,,,,Upto2k,1st Dec'24 to 31st Dec'24,"SBI,HDFC,KOTAK,BOB,IDFC,AU,FEDERAL,DBS",CCEMI/DCEMI,"3,6 NCE",No-cost EMI for Upto 15 months,,
MOBILE,OPPO,RENO 12 Pro 12GB 256GB,12+256,PEACH/BROWN/SILVER,"36,999",0,,UPTO 3500,10% on Txn.,1st Dec'24 to 31st Dec'24,"SBI,HDFC,KOTAK,BOB,IDFC,AU,FEDERAL,DBS",CCEMI/DCEMI,,,,,10% on Txn.,1st Dec'24 to 31st Dec'24,"SBI,HDFC,KOTAK,BOB,IDFC,AU,FEDERAL,DBS",CCEMI/DCEMI,"3,6 NCE",No-cost EMI for Upto 18 months,,
MOBILE,OPPO,RENO 12 256GB,12+256,BROWN/GOLD,"36,999",0,,0,10% on Txn.,1st Dec'24 to 31st Dec'24,"SBI,HDFC,KOTAK,BOB,IDFC,AU,FEDERAL,DBS",CCEMI/DCEMI,,,,,10% on Txn.,1st Dec'24 to 31st Dec'24,"SBI,HDFC,KOTAK,BOB,IDFC,AU,FEDERAL,DBS",CCEMI/DCEMI,"3,6 NCE",No-cost EMI for Upto 18 months,,
MOBILE,OPPO,RENO 12 8GB 256GB,8+256,PEACH/BROWN/SILVER,"32,999",0,,0,10% on Txn.,1st Dec'24 to 31st Dec'24,"SBI,HDFC,KOTAK,BOB,IDFC,AU,FEDERAL,DBS",CCEMI/DCEMI,,,,,10% on Txn.,1st Dec'24 to 31st Dec'24,"SBI,HDFC,KOTAK,BOB,IDFC,AU,FEDERAL,DBS",CCEMI/DCEMI,"3,6 NCE",No-cost EMI for Upto 18 months,,
MOBILE,OPPO,RENO10 8GB 256GB,8+256,GREY/BLUE,"32,999",0,,0,Upto2k,1st Dec'24 to 31st Dec'24,"SBI,HDFC,KOTAK,BOB,IDFC,AU,FEDERAL,DBS",CCEMI/DCEMI,,,,,Upto2k,1st Dec'24 to 31st Dec'24,"SBI,HDFC,KOTAK,BOB,IDFC,AU,FEDERAL,DBS",CCEMI/DCEMI,"3,6 NCE",No-cost EMI for Upto 15 months,,
MOBILE,OPPO,RENO 11 256GB,8+256,GREEN/GREY,"29,999",0,,0,Upto2k,1st Dec'24 to 31st Dec'24,"SBI,HDFC,KOTAK,BOB,IDFC,AU,FEDERAL,DBS",CCEMI/DCEMI,,,,,Upto2k,1st Dec'24 to 31st Dec'24,"SBI,HDFC,KOTAK,BOB,IDFC,AU,FEDERAL,DBS",CCEMI/DCEMI,"3,6 NCE",No-cost EMI for Upto 15 months,,
MOBILE,OPPO,F27PRO 8GB 256GB,8+256,PINK/NAVY,"29,999",0,,0,10% on Txn.,1st Dec'24 to 31st Dec'24,"SBI,HDFC,KOTAK,BOB,IDFC,AU,FEDERAL,DBS",CCEMI/DCEMI,,,,,10% on Txn.,1st Dec'24 to 31st Dec'24,"SBI,HDFC,KOTAK,BOB,IDFC,AU,FEDERAL,DBS",CCEMI/DCEMI,"3,6 NCE",No-cost EMI for Upto 18 months,,
MOBILE,OPPO,RENO 11 128GB,8+128,GREEN/GREY,"27,999",0,,0,Upto2k,1st Dec'24 to 31st Dec'24,"SBI,HDFC,KOTAK,BOB,IDFC,AU,FEDERAL,DBS",CCEMI/DCEMI,,,,,Upto2k,1st Dec'24 to 31st Dec'24,"SBI,HDFC,KOTAK,BOB,IDFC,AU,FEDERAL,DBS",CCEMI/DCEMI,"3,6 NCE",No-cost EMI for Upto 15 months,,
MOBILE,OPPO,F27PRO 8GB 128GB,8+128,PINK/NAVY,"27,999",0,,0,10% on Txn.,1st Dec'24 to 31st Dec'24,"SBI,HDFC,KOTAK,BOB,IDFC,AU,FEDERAL,DBS",CCEMI/DCEMI,,,,,10% on Txn.,1st Dec'24 to 31st Dec'24,"SBI,HDFC,KOTAK,BOB,IDFC,AU,FEDERAL,DBS",CCEMI/DCEMI,"3,6 NCE",No-cost EMI for Upto 18 months,,
MOBILE,OPPO,F25PRO 8GB 256GB,8+256,BLUE/RED,"25,999",0,,0,7.5% on Txn.,1st Dec'24 to 31st Dec'24,"SBI,HDFC,KOTAK,BOB,IDFC,AU,FEDERAL,DBS",CCEMI/DCEMI,,,,,7.5% on Txn.,1st Dec'24 to 31st Dec'24,"SBI,HDFC,KOTAK,BOB,IDFC,AU,FEDERAL,DBS",CCEMI/DCEMI,"3,6 NCE",No-cost EMI for Upto 15 months,,
MOBILE,OPPO,F25PRO 8GB 128GB,8+128,BLUE/RED,"23,999",0,,0,7.5% on Txn.,1st Dec'24 to 31st Dec'24,"SBI,HDFC,KOTAK,BOB,IDFC,AU,FEDERAL,DBS",CCEMI/DCEMI,,,,,7.5% on Txn.,1st Dec'24 to 31st Dec'24,"SBI,HDFC,KOTAK,BOB,IDFC,AU,FEDERAL,DBS",CCEMI/DCEMI,"3,6 NCE",No-cost EMI for Upto 15 months,,
MOBILE,OPPO,F27 8GB 256GB,8+256,GREEN/ORANGE,"22,999",0,,0,Upto2k,1st Dec'24 to 31st Dec'24,"SBI,HDFC,KOTAK,BOB,IDFC,AU,FEDERAL,DBS",CCEMI/DCEMI,,,,,Upto2k,1st Dec'24 to 31st Dec'24,"SBI,HDFC,KOTAK,BOB,IDFC,AU,FEDERAL,DBS",CCEMI/DCEMI,"3,6 NCE",No-cost EMI for Upto 15 months,,
MOBILE,OPPO,F23 8GB 256GB,8+256,BLACK+GOLD,"22,999",0,,0,7.5% on Txn.,1st Dec'24 to 31st Dec'24,"SBI,HDFC,KOTAK,BOB,IDFC,AU,FEDERAL,DBS",CCEMI/DCEMI,,,,,7.5% on Txn.,1st Dec'24 to 31st Dec'24,"SBI,HDFC,KOTAK,BOB,IDFC,AU,FEDERAL,DBS",CCEMI/DCEMI,"3,6 NCE",No-cost EMI for Upto 15 months,,
MOBILE,OPPO,F27 8GB 128GB,8+128,GREEN/ORANGE,"20,999",0,,0,Upto2k,1st Dec'24 to 31st Dec'24,"SBI,HDFC,KOTAK,BOB,IDFC,AU,FEDERAL,DBS",CCEMI/DCEMI,,,,,Upto2k,1st Dec'24 to 31st Dec'24,"SBI,HDFC,KOTAK,BOB,IDFC,AU,FEDERAL,DBS",CCEMI/DCEMI,"3,6 NCE",No-cost EMI for Upto 15 months,,
MOBILE,OPPO,A3PRO 8GB 256GB,8+256,BLACK/PURPLE,"19,999",0,,0,Upto1.5k,1st Dec'24 to 31st Dec'24,"SBI,HDFC,KOTAK,BOB,IDFC,AU,FEDERAL,DBS",CCEMI/DCEMI,,,,,Upto1.5k,1st Dec'24 to 31st Dec'24,"SBI,HDFC,KOTAK,BOB,IDFC,AU,FEDERAL,DBS",CCEMI/DCEMI,"3,6 NCE",No-cost EMI for Upto 12 months,,
MOBILE,OPPO,A3PRO 8GB 128GB,8+128,BLACK/PURPLE,"17,999",0,,0,Upto 5%,1st Dec'24 to 31st Dec'24,"SBI,HDFC,KOTAK,BOB,IDFC,AU,FEDERAL,DBS",CCEMI/DCEMI,,,,,Upto 5%,1st Dec'24 to 31st Dec'24,"SBI,HDFC,KOTAK,BOB,IDFC,AU,FEDERAL,DBS",CCEMI/DCEMI,"3,6 NCE",No-cost EMI for Upto 12 months,,
MOBILE,OPPO,A78 8GB 128GB,6+128,BLACK/BLUE,"17,999",0,,0,Upto 5%,1st Dec'24 to 31st Dec'24,"SBI,HDFC,KOTAK,BOB,IDFC,AU,FEDERAL,DBS",CCEMI/DCEMI,,,,,Upto 5%,1st Dec'24 to 31st Dec'24,"SBI,HDFC,KOTAK,BOB,IDFC,AU,FEDERAL,DBS",CCEMI/DCEMI,3 NCE,No-cost EMI for Upto 12 months,,
MOBILE,OPPO,A79 8GB 128GB,8+128,BLACK/GREEN,"17,499",0,,0,Upto 5%,1st Dec'24 to 31st Dec'24,"SBI,HDFC,KOTAK,BOB,IDFC,AU,FEDERAL,DBS",CCEMI/DCEMI,,,,,Upto 5%,1st Dec'24 to 31st Dec'24,"SBI,HDFC,KOTAK,BOB,IDFC,AU,FEDERAL,DBS",CCEMI/DCEMI,3 NCE,No-cost EMI for Upto 12 months,,
MOBILE,OPPO,A3 6GB 128GB,6+128,BLUE/RED,"15,999",0,,0,Upto1.2k,1st Dec'24 to 31st Dec'24,"SBI,HDFC,KOTAK,BOB,IDFC,AU,FEDERAL,DBS",CCEMI/DCEMI,,,,,Upto1.2k,1st Dec'24 to 31st Dec'24,"SBI,HDFC,KOTAK,BOB,IDFC,AU,FEDERAL,DBS",CCEMI/DCEMI,"3,6 NCE",No-cost EMI for Upto 12 months,,
MOBILE,OPPO,K12X 8GB 256GB,8+256,VIOLET/BLUE,"15,999",0,,0,Upto 1k,1st Dec'24 to 31st Dec'24,"SBI,HDFC,KOTAK,BOB,IDFC,AU,FEDERAL,DBS",CCEMI/DCEMI,,,,,Upto 1k,1st Dec'24 to 31st Dec'24,"SBI,HDFC,KOTAK,BOB,IDFC,AU,FEDERAL,DBS",CCEMI/DCEMI,3 NCE,No-cost EMI for Upto 12 months,,
MOBILE,OPPO,A78 8GB 128GB,8+128,BLACK/BLUE,"15,499",0,,0,Upto 5%,1st Dec'24 to 31st Dec'24,"SBI,HDFC,KOTAK,BOB,IDFC,AU,FEDERAL,DBS",CCEMI/DCEMI,,,,,Upto 5%,1st Dec'24 to 31st Dec'24,"SBI,HDFC,KOTAK,BOB,IDFC,AU,FEDERAL,DBS",CCEMI/DCEMI,3 NCE,No-cost EMI for Upto 12 months,,
MOBILE,OPPO,A59 6GB 128GB,6/128,BLACK/GOLD,"15,499",0,,0,Upto 5%,1st Dec'24 to 31st Dec'24,"SBI,HDFC,KOTAK,BOB,IDFC,AU,FEDERAL,DBS",CCEMI/DCEMI,,,,,Upto 5%,1st Dec'24 to 31st Dec'24,"SBI,HDFC,KOTAK,BOB,IDFC,AU,FEDERAL,DBS",CCEMI/DCEMI,3 NCE,No-cost EMI for Upto 12 months,,
MOBILE,OPPO,A59 4GB 128GB,4/128,BLACK/GOLD,"13,999",0,,0,Upto 5%,1st Dec'24 to 31st Dec'24,"SBI,HDFC,KOTAK,BOB,IDFC,AU,FEDERAL,DBS",CCEMI/DCEMI,,,,,Upto 5%,1st Dec'24 to 31st Dec'24,"SBI,HDFC,KOTAK,BOB,IDFC,AU,FEDERAL,DBS",CCEMI/DCEMI,3 NCE,No-cost EMI for Upto 9 months,,
MOBILE,OPPO,A3X 4GB 128GB,4+128,BLACK/WHITE/PURPLE,"13,499",0,,0,Upto 1k,1st Dec'24 to 31st Dec'24,"SBI,HDFC,KOTAK,BOB,IDFC,AU,FEDERAL,DBS",CCEMI/DCEMI,,,,,Upto 1k,1st Dec'24 to 31st Dec'24,"SBI,HDFC,KOTAK,BOB,IDFC,AU,FEDERAL,DBS",CCEMI/DCEMI,"3,6 NCE",No-cost EMI for Upto 9 months,,
MOBILE,OPPO,K12X 6GB 128GB,6+128,VIOLET/BLUE,"12,999",0,,0,Upto 1k,1st Dec'24 to 31st Dec'24,"SBI,HDFC,KOTAK,BOB,IDFC,AU,FEDERAL,DBS",CCEMI/DCEMI,,,,,Upto 1k,1st Dec'24 to 31st Dec'24,"SBI,HDFC,KOTAK,BOB,IDFC,AU,FEDERAL,DBS",CCEMI/DCEMI,3 NCE,No-cost EMI for Upto 9 months,,
MOBILE,OPPO,A58 6GB 128GB,6+128,BLACK/GREEN,"12,999",0,,0,Upto 5%,1st Dec'24 to 31st Dec'24,"SBI,HDFC,KOTAK,BOB,IDFC,AU,FEDERAL,DBS",CCEMI/DCEMI,,,,,Upto 5%,1st Dec'24 to 31st Dec'24,"SBI,HDFC,KOTAK,BOB,IDFC,AU,FEDERAL,DBS",CCEMI/DCEMI,3 NCE,No-cost EMI for Upto 9 months,,
MOBILE,OPPO,A3X 4GB 64GB,4+64,BLUE/RED,"12,499",0,,0,Upto1k,1st Dec'24 to 31st Dec'24,"SBI,HDFC,KOTAK,BOB,IDFC,AU,FEDERAL,DBS",CCEMI/DCEMI,,,,,Upto1k,1st Dec'24 to 31st Dec'24,"SBI,HDFC,KOTAK,BOB,IDFC,AU,FEDERAL,DBS",CCEMI/DCEMI,"3,6 NCE",No-cost EMI for Upto 9 months,,
MOBILE,MOTO,GO4S,4+64,ORANGE/BLUE/GREEN/BLACK,7299,0,,0,0,,"IDFC,SBI,HDFC",ICB/CC,,,,,0,,,,,,,
MOBILE,MOTO,G45,4+128,BLUE/GREEN/MAGENTA,10999,0,,0,0,,"IDFC,SBI,HDFC",ICB/CC,,,,,0,,,,,,,
MOBILE,MOTO,G45,8+128,BLUE/GREEN/MAGENTA,12999,0,,0,1000,21st Dec'24 to 31st Dec'24,"IDFC,SBI,HDFC",ICB/CC,,,,,1500,21st Dec'24 to 31st Dec'24,"IDFC,SBI,HDFC",ICB,"3,6 NCE",,,
MOBILE,MOTO,G64,8+128,GREEN/BLUE/ICE LILAC,14999,0,,0,2000,21st Dec'24 to 31st Dec'24,"IDFC,SBI,HDFC",ICB/CC,,,,,2250,21st Dec'24 to 31st Dec'24,"IDFC,SBI,HDFC",ICB,"3,6 NCE",No-cost EMI for Upto 10 months,,
MOBILE,MOTO,G64,12+256,GREEN/BLUE/ICE LILAC,16999,0,,0,2000,21st Dec'24 to 31st Dec'24,"IDFC,SBI,HDFC",ICB/CC,,,,,2250,21st Dec'24 to 31st Dec'24,"IDFC,SBI,HDFC",ICB,"3,6 NCE",No-cost EMI for Upto 10 months,,
MOBILE,MOTO,G85,8+128,GREEN/BLUE/GREY,17999,0,,0,1000,21st Dec'24 to 31st Dec'24,"IDFC,SBI,HDFC",ICB/CC,,,,,1250,21st Dec'24 to 31st Dec'24,"IDFC,SBI,HDFC",ICB,"3,6 NCE",No-cost EMI for Upto 10 months,,
MOBILE,MOTO,G85,12+256,GREEN/BLUE/GREY,19999,0,,0,1000,21st Dec'24 to 31st Dec'24,"IDFC,SBI,HDFC",ICB/CC,,,,,1250,21st Dec'24 to 31st Dec'24,"IDFC,SBI,HDFC",ICB,"3,6 NCE",No-cost EMI for Upto 10 months,,
MOBILE,MOTO,EDGE 50 FUSION ,8+128,BLUE/PINK,22999,0,,0,2000,21st Dec'24 to 31st Dec'24,"IDFC,SBI,HDFC",ICB/CC,,,,,2250,21st Dec'24 to 31st Dec'24,"IDFC,SBI,HDFC",ICB,"3,6 NCE",No-cost EMI for Upto 12 months,,
MOBILE,MOTO,EDGE 50 FUSION ,12+256,BLUE/PINK,24999,0,,0,2000,21st Dec'24 to 31st Dec'24,HDFC,ICB/CC,,,,,2250,21st Dec'24 to 31st Dec'24,"IDFC,SBI,HDFC",ICB,"3,6 NCE",No-cost EMI for Upto 12 months,,
MOBILE,MOTO,EDGE 50 NEO,8+256,BLUE/LATTE/GRISAILLE/POINCIANA,22999,2000,21st Dec'24 to 31st Dec'24,0,1000,21st Dec'24 to 31st Dec'24,HDFC,ICB/CC,,,,,1500,21st Dec'24 to 31st Dec'24,"IDFC,SBI,HDFC",ICB,"3,6 NCE",No-cost EMI for Upto 10 months,,
MOBILE,MOTO,EDGE 50,8+256,BLUE/GREEN,27999,2000,21st Dec'24 to 31st Dec'24,0,1000,21st Dec'24 to 31st Dec'24,,ICB/CC,,,,,1500,21st Dec'24 to 31st Dec'24,"IDFC,SBI,HDFC",ICB,"3,6 NCE",No-cost EMI for Upto 15 months,,
MOBILE,MOTO,EDGE 50 PRO,8+256,LAVENDAR/BLACK/MOONLIGHT PEARL,27999,0,,0,0,,HDFC,,,,,,0,,"IDFC,SBI,HDFC",ICB,"3,6 NCE",No-cost EMI for Upto 15 months,,
MOBILE,MOTO,EDGE 50 PRO,12+256,LAVENDAR/BLACK/MOONLIGHT PEARL,31999,0,,0,3000,21st Dec'24 to 31st Dec'24,HDFC,ICB/CC,,,,,3500,21st Dec'24 to 31st Dec'24,"IDFC,SBI,HDFC",ICB,"3,6 NCE",No-cost EMI for Upto 15 months,,
MOBILE,MOTO,EDGE 50 ULTRA,12+512,GREY/NORDIC WOOD/PEACH FUZZ,52999,3000,21st Dec'24 to 31st Dec'24,0,2000,21st Dec'24 to 31st Dec'24,HDFC,ICB/CC,,,,,2500,21st Dec'24 to 31st Dec'24,"IDFC,SBI,HDFC",ICB,"3,6,9 NCE",No-cost EMI for Upto 15 months,,
MOBILE,MOTO,RAZR 50,-,GREEN/PEACH FUZZ/BLUE,54999,0,,0,5000,21st Dec'24 to 31st Dec'24,HDFC,ICB/CC,,,,,5500,21st Dec'24 to 31st Dec'24,"IDFC,SBI,HDFC",ICB,Upto 18 Months NCE,No-cost EMI for Upto 18 months,,
MOBILE,MOTO,RAZR 50 ULTRA,-,GREEN/PEACH FUZZ/BLUE/PINK,79999,0,,0,5000,21st Dec'24 to 31st Dec'24,,ICB/CC,,,,,5500,21st Dec'24 to 31st Dec'24,"IDFC,SBI,HDFC",ICB,Upto 18 Months NCE,No-cost EMI for Upto 18 months,,
MOBILE,REALME,C61,4+64,GREEN/BLACK,7699,0,,0,0,,,,,,,,0,,,,,,,
MOBILE,REALME,C61,4+128,GREEN/BLACK,8499,0,,0,0,,,,,,,,0,,,,,,,
MOBILE,REALME,C63,4+64,GREEN/BLUE,8499,0,,0,0,,,,,,,,0,,,,,,,
MOBILE,REALME,C63,4+128,GREEN/BLUE,8999,0,,0,0,,,,,,,,0,,,,,,,
MOBILE,REALME,C63 5G,4+128,GREEN/BLUE,10499,0,,0,0,,,,,,,,0,,,,,,,
MOBILE,REALME,C63 5G,6+128,GREEN/BLUE,10999,0,,0,0,,,,,,,,0,,,,,,,
MOBILE,REALME,C65 5G,4+128,GREEN/BLACK,11499,500,1st Dec'24 to 31st Dec'24,0,0,,,,,,,,0,,,,,No-cost EMI for Upto 10 months,,
MOBILE,REALME,C65 5G,6+128,GREEN/BLACK,12499,500,1st Dec'24 to 31st Dec'24,0,0,,,,,,,,0,,,,,No-cost EMI for Upto 10 months,,
MOBILE,REALME,C65 5G,8+128,GREEN/BLACK,13999,1000,1st Dec'24 to 31st Dec'24,0,0,,,,,,,,0,,,,,No-cost EMI for Upto 10 months,,
MOBILE,REALME,C67 5G,4+128,SUNNY OASIS/PURPLE,12999,0,,0,0,,,,,,,,0,,,,,No-cost EMI for Upto 9 months,,
MOBILE,REALME,C67 5G,6+128,SUNNY OASIS/PURPLE,14499,0,,0,0,,,,,,,,0,,,,,No-cost EMI for Upto 9 months,,
MOBILE,REALME,12X 5G,6+128,PURPLE/GREEN,13499,0,,0,0,,,,,,,,0,,,,,,,
MOBILE,REALME,12X 5G,8+128,PURPLE/GREEN,14999,0,,0,0,,,,,,,,0,,,,,,,
MOBILE,REALME,12 5G,8+128,NAVIGATOR BEIGE/GREEN,16999,0,,0,0,,,,,,,,0,,,,,,,
MOBILE,REALME,12+ 5G,8+128,NAVIGATOR BEIGE/GREEN,20999,0,,0,0,,,,,,,,0,,,,,No-cost EMI for Upto 10 months,,
MOBILE,REALME,12+ 5G,8+256,NAVIGATOR BEIGE/GREEN,21999,0,,0,0,,,,,,,,0,,,,,No-cost EMI for Upto 10 months,,
MOBILE,REALME,12 PRO 5G,8+128,NAVIGATOR BEIGE/BLUE/RED,22999,0,,0,3000,21st Dec'24 to 31st Dec'24,"SBI,AXIS & J&K ",ICB,,,,,0,,"SBI,AXIS & J&K ",ICB,"3,6 NCE",No-cost EMI for Upto 10 months,,
MOBILE,REALME,12 PRO 5G,8+256,NAVIGATOR BEIGE/BLUE/RED,24999,0,,0,4000,21st Dec'24 to 31st Dec'24,"SBI,AXIS & J&K",ICB,,,,,0,,"SBI,AXIS & J&K",ICB,"3,6 NCE",No-cost EMI for Upto 10 months,,
MOBILE,REALME,12 PRO 5G,12+256,NAVIGATOR BEIGE/BLUE/RED,26999,0,,0,0,,,,,,,,0,,"SBI,AXIS & J&K",ICB,"3,6 NCE",No-cost EMI for Upto 10 months,,
MOBILE,REALME,12 PRO + 5G,8+128,NAVIGATOR BEIGE/BLUE/RED,27999,0,,0,0,,,,,,,,0,,,,,No-cost EMI for Upto 10 months,,
MOBILE,REALME,12 PRO + 5G,8+256,NAVIGATOR BEIGE/BLUE/RED,29999,0,,0,7000 *Beige color only),21st Dec'24 to 31st Dec'24,"SBI,AXIS & J&K ",ICB,,,,,0,,"SBI,AXIS & J&K ",ICB,"3,6 NCE",No-cost EMI for Upto 10 months,,
MOBILE,REALME,12 PRO + 5G,12+256,NAVIGATOR BEIGE/BLUE/RED,31999,0,,0,5000,21st Dec'24 to 31st Dec'24,"SBI,AXIS & J&K",ICB,,,,,0,,"SBI,AXIS & J&K",ICB,"3,6 NCE",No-cost EMI for Upto 10 months,,
MOBILE,REALME,13 5G,8+128,GREEN/PURPLE/BLACK,17999,0,,0,0,,"HDFC,KOTAK,IDFC,BOB,DBS &HSBC ",ICB,,,,,0,,"HDFC,KOTAK,IDFC,BOB,DBS &HSBC ",,"3,6 NCE",No-cost EMI for Upto 15 months,,
MOBILE,REALME,13 5G,8+256,GREEN/PURPLE/BLACK,19999,0,,0,0,,"HDFC,KOTAK,IDFC,BOB,DBS &HSBC ",ICB,,,,,0,,"HDFC,KOTAK,IDFC,BOB,DBS &HSBC ",,"3,6 NCE",No-cost EMI for Upto 15 months,,
MOBILE,REALME,13+ 5G,8+128,GREEN/PURPLE/GOLD,22999,2000,21st Dec'24 to 1st' Jan25,0,0,,,,,,,,0,,,,,No-cost EMI for Upto 15 months,,
MOBILE,REALME,13+ 5G,8+256,GREEN/PURPLE/GOLD,24999,2000,21st Dec'24 to 1st' Jan25,0,0,,,,,,,,0,,,,,No-cost EMI for Upto 15 months,,
MOBILE,REALME,13+ 5G,12+256,GREEN/PURPLE/GOLD,26999,2000,21st Dec'24 to 1st' Jan25,0,0,,,,,,,,0,,,,,No-cost EMI for Upto 15 months,,
MOBILE,REALME,13 PRO 5G,8+128,GREEN/PURPLE/GOLD,26999,2000,21st Dec'24 to 1st' Jan25,0,0,,,,,,,,0,,,,,No-cost EMI for Upto 15 months,,
MOBILE,REALME,13 PRO 5G,8+256,GREEN/PURPLE/GOLD,28999,2000,21st Dec'24 to 1st' Jan25,0,0,,,,,,,,0,,,,,No-cost EMI for Upto 15 months,,
MOBILE,REALME,13 PRO 5G,12+256,GREEN/PURPLE/GOLD,31999,2000,21st Dec'24 to 1st' Jan25,0,0,,,,,,,,0,,,,,No-cost EMI for Upto 15 months,,
MOBILE,REALME,13 PRO + 5G,8+256,GREEN/PURPLE/GOLD,32999,3000,21st Dec'24 to 1st' Jan25,0,0,,"HDFC,KOTAK,IDFC,BOB,DBS &HSBC ",ICB,,,,,0,,"HDFC,KOTAK,IDFC,BOB,DBS &HSBC ",,"3,6 NCE",No-cost EMI for Upto 15 months,,
MOBILE,REALME,13 PRO + 5G,12+256,GREEN/PURPLE/GOLD,34999,3000,21st Dec'24 to 1st' Jan25,0,0,,"HDFC,KOTAK,IDFC,BOB,DBS &HSBC ",ICB,,,,,0,,"HDFC,KOTAK,IDFC,BOB,DBS &HSBC ",,"3,6 NCE",No-cost EMI for Upto 15 months,,
MOBILE,REALME,13 PRO + 5G,12+512,GREEN/PURPLE/GOLD,36999,3000,21st Dec'24 to 1st' Jan25,0,0,,"HDFC,KOTAK,IDFC,BOB,DBS &HSBC ",ICB,,,,,0,,"HDFC,KOTAK,IDFC,BOB,DBS &HSBC ",,"3,6 NCE",No-cost EMI for Upto 15 months,,
MOBILE,REALME,GT 6,8+256,GREEN/PURPLE/SILVER,40999,0,,0,4000,21st Dec'24 to 31st Dec'24,"HDFC,KOTAK,IDFC,BOB,DBS,HSBC,ICICI,SBI,AXIS & J&K",ICB,,,,,6000,21st Dec'24 to 31st Dec'24,"HDFC,KOTAK,IDFC,BOB,DBS,HSBC,ICICI,SBI,AXIS & J&K",ICB,"3,6 NCE",No-cost EMI for Upto 15 months,,
MOBILE,REALME,GT 6,12+256,GREEN/PURPLE/SILVER,42999,0,,0,4000,21st Dec'24 to 31st Dec'24,"HDFC,KOTAK,IDFC,BOB,DBS,HSBC,ICICI,SBI,AXIS & J&K",ICB,,,,,6000,21st Dec'24 to 31st Dec'24,"HDFC,KOTAK,IDFC,BOB,DBS,HSBC,ICICI,SBI,AXIS & J&K",ICB,"3,6 NCE",No-cost EMI for Upto 15 months,,
MOBILE,REALME,GT 6,12+512,GREEN/PURPLE/SILVER,44999,0,,0,4000,21st Dec'24 to 31st Dec'24,"HDFC,KOTAK,IDFC,BOB,DBS,HSBC,ICICI,SBI,AXIS & J&K",ICB,,,,,6000,21st Dec'24 to 31st Dec'24,"HDFC,KOTAK,IDFC,BOB,DBS,HSBC,ICICI,SBI,AXIS & J&K",ICB,"3,6 NCE",No-cost EMI for Upto 15 months,,
MOBILE,REALME,GT 6T,8+128,SILVER/GREEN,30999,7000,21st Dec'24 to 1st' Jan25,0,0,,"HDFC,KOTAK,IDFC,BOB,DBS,HSBC,ICICI,SBI,AXIS & J&K",ICB,,,,,0,,"HDFC,KOTAK,IDFC,BOB,DBS,HSBC,ICICI,SBI,AXIS & J&K",ICB,"3,6 NCE",No-cost EMI for Upto 15 months,,
MOBILE,REALME,GT 6T,8+256,SILVER/GREEN,32999,0,,0,4000,21st Dec'24 to 31st Dec'24,"HDFC,KOTAK,IDFC,BOB,DBS,HSBC,ICICI,SBI,AXIS & J&K",ICB,,,,,4000,21st Dec'24 to 31st Dec'24,"HDFC,KOTAK,IDFC,BOB,DBS,HSBC,ICICI,SBI,AXIS & J&K",ICB,"3,6 NCE",No-cost EMI for Upto 15 months,,
MOBILE,REALME,GT 6T,12+256,SILVER/GREEN,35999,0,,0,4000,21st Dec'24 to 31st Dec'24,"HDFC,KOTAK,IDFC,BOB,DBS,HSBC,ICICI,SBI,AXIS & J&K",ICB,,,,,4000,21st Dec'24 to 31st Dec'24,"HDFC,KOTAK,IDFC,BOB,DBS,HSBC,ICICI,SBI,AXIS & J&K",ICB,"3,6 NCE",No-cost EMI for Upto 15 months,,
MOBILE,REALME,GT 6T,12+512,SILVER/GREEN,39999,10000,21st Dec'24 to 1st' Jan25,0,0,,"HDFC,KOTAK,IDFC,BOB,DBS,HSBC,ICICI,SBI,AXIS & J&K",ICB,,,,,0,,"HDFC,KOTAK,IDFC,BOB,DBS,HSBC,ICICI,SBI,AXIS & J&K",ICB,"3,6 NCE",No-cost EMI for Upto 15 months,,
MOBILE,REALME,P1 5G,6+128,PEACOCK GREEN/PHONEIX,14999,0,,0,500,21st Dec'24 to 31st Dec'24,"SBI,AXIS & J&K",ICB,,,,,0,,"SBI,AXIS & J&K",ICB,"3,6 NCE",No-cost EMI for Upto 9 months,,
MOBILE,REALME,P1 5G,8+128,PEACOCK GREEN/PHONEIX,15999,0,,0,1500,21st Dec'24 to 31st Dec'24,"SBI,AXIS & J&K ",ICB,,,,,0,,"SBI,AXIS & J&K ",ICB,"3,6 NCE",No-cost EMI for Upto 9 months,,
MOBILE,REALME,P1 5G,8+256,PEACOCK GREEN/PHONEIX,16999,0,,0,0,,,,,,,,0,,"SBI,AXIS & J&K ",ICB,"3,6 NCE",No-cost EMI for Upto 9 months,,
MOBILE,REALME,P1 S,8+128,PEACOCK GREEN/PHONEIX,17999,0,,0,2000,21st Dec'24 to 31st Dec'24,"KOTAK, IDFC,BOB, DBS & HSBC",ICB,,,,,0,,"KOTAK, IDFC,BOB, DBS & HSBC",ICB,"3,6 NCE",No-cost EMI for Upto 8 months,,
MOBILE,REALME,P1 S,12+256,PEACOCK GREEN/PHONEIX,20999,0,,0,2000,21st Dec'24 to 31st Dec'24,,,,,,,0,,"KOTAK, IDFC,BOB, DBS & HSBC",ICB,"3,6 NCE",No-cost EMI for Upto 8 months,,
MOBILE,REALME,P1 Pro 5G,8+128,PARROT BLUE/RED,19999,0,,0,3000,21st Dec'24 to 31st Dec'24,"SBI,AXIS & J&K",ICB,,,,,0,,"SBI,AXIS & J&K",ICB,"3,6 NCE",No-cost EMI for Upto 8 months,,
MOBILE,REALME,P1 Pro 5G,8+256,PARROT BLUE/RED,20999,0,,0,4000,21st Dec'24 to 31st Dec'24,"SBI,AXIS & J&K",ICB,,,,,0,,"SBI,AXIS & J&K",ICB,"3,6 NCE",No-cost EMI for Upto 8 months,,
MOBILE,REALME,P1 Pro 5G,12+256,PARROT BLUE/RED,20999,0,,0,3000,21st Dec'24 to 31st Dec'24,"SBI,AXIS & J&K",ICB,,,,,0,,"SBI,AXIS & J&K",ICB,"3,6 NCE",No-cost EMI for Upto 8 months,,
MOBILE,REALME,P2 Pro 5G,8+128,PARROT GREEN/EAGLE GREY,21999,0,,0,2000,21st Dec'24 to 31st Dec'24,"SBI,AXIS & J&K",ICB,,,,,0,,"SBI,AXIS & J&K",ICB,"3,6 NCE",No-cost EMI for Upto 8 months,,
MOBILE,REALME,P2 Pro 5G,12+256,PARROT GREEN/EAGLE GREY,24999,0,,0,3000,21st Dec'24 to 31st Dec'24,"SBI,AXIS & J&K",ICB,,,,,0,,"SBI,AXIS & J&K",ICB,"3,6 NCE",No-cost EMI for Upto 8 months,,
MOBILE,REALME,P2 Pro 5G,12+512,PARROT GREEN/EAGLE GREY,27999,0,,0,2000,21st Dec'24 to 31st Dec'24,"SBI,AXIS & J&K",ICB,,,,,0,,"SBI,AXIS & J&K",ICB,"3,6 NCE",No-cost EMI for Upto 8 months,,
MOBILE,SAMSUNG,FOLD 6 (12/1TB),(12/1TB),BLACK/NAVY/PINK/SILVER/WHITE,200999,12500,20th Dec'24 to 29th Dec'24,0,0,,,,,,,,0,,,,Upto 24 Months NCE,No-cost EMI for Upto 24 months,,
MOBILE,SAMSUNG,FOLD 6 (12/512),(12/512),BLACK/NAVY/PINK/SILVER/WHITE,176999,20000/12500,20th Dec'24 to 29th Dec'24,0,0,,,,,,,,0,,,,Upto 24 Months NCE,No-cost EMI for Upto 24 months,,
MOBILE,SAMSUNG,FOLD 6 (12/256),(12/256),BLACK/NAVY/PINK/SILVER/WHITE,164999,20000/12500,20th Dec'24 to 29th Dec'24,0,0,,,,,,,,0,,,,Upto 24 Months NCE,No-cost EMI for Upto 24 months,,
MOBILE,SAMSUNG,FLIP 6 (12/512),(12/512),BLUE/BLACK/MINT/PEACH/SILVER/WHITE/YELLOW,121999,20000,20th Dec'24 to 29th Dec'24,0,0,,,,,,,,0,,,,Upto 24 Months NCE,No-cost EMI for Upto 24 months,,
MOBILE,SAMSUNG,FLIP 6 (12/256),(12/256),BLUE/BLACK/MINT/PEACH/SILVER/WHITE/YELLOW,109999,20000,20th Dec'24 to 29th Dec'24,0,0,,,,,,,,0,,,,Upto 24 Months NCE,No-cost EMI for Upto 24 months,,
MOBILE,SAMSUNG,FOLD 5 (12/1TB),(12/1TB),CREAM/BLUE/BLACK,184999,0,,11000/9000,0,,,,,,,,0,,,,,No-cost EMI for Upto 24 months,,
MOBILE,SAMSUNG,FOLD 5 (12/512),(12/512),CREAM/BLUE/BLACK,164999,0,,11000/9000,0,,,,,,,,0,,,,,No-cost EMI for Upto 24 months,,
MOBILE,SAMSUNG,FOLD 5 (12/256),(12/256),CREAM/BLUE/BLACK,154999,0,,11000/9000,0,,,,,,,,0,,,,,No-cost EMI for Upto 24 months,,
MOBILE,SAMSUNG,FLIP 5 (8/512),(8/512),CREAM/GRAPHITE/LAVENDAR/MINT,109999,0,,14000/7000,0,,,,,,,,0,,,,,No-cost EMI for Upto 24 months,,
MOBILE,SAMSUNG,FLIP 5 (8/256),(8/256),CREAM/GRAPHITE/LAVENDAR/MINT,99999,0,,14000/7000,0,,,,,,,,0,,,,,No-cost EMI for Upto 24 months,,
MOBILE,SAMSUNG,S24 ULTRA (12/1TB),(12/1TB),BLACK/GREY/VIOLET/YELLOW,159999,8000,20th Dec'24 to 29th Dec'24,12000/6000,12000/6000,20th Dec'24 to 29th Dec'24,HDFC,ICB,,,,,6000,20th Dec'24 to 29th Dec'24,HDFC,ICB,"3,6,9 NCE",No-cost EMI for Upto 15 months,,
MOBILE,SAMSUNG,S24 ULTRA (12/512),(12/512),BLACK/GREY/VIOLET/YELLOW,139999,8000,20th Dec'24 to 29th Dec'24,12000/6000,12000/6000,20th Dec'24 to 29th Dec'24,HDFC,ICB,,,,,6000,20th Dec'24 to 29th Dec'24,HDFC,ICB,"3,6,9 NCE",No-cost EMI for Upto 15 months,,
MOBILE,SAMSUNG,S24 ULTRA (12/256),(12/256),BLACK/GREY/VIOLET/YELLOW,129999,8000,20th Dec'24 to 29th Dec'24,12000/6000,12000/6000,20th Dec'24 to 29th Dec'24,HDFC,ICB,,,,,6000,20th Dec'24 to 29th Dec'24,HDFC,ICB,"3,6,9 NCE",No-cost EMI for Upto 15 months,,
MOBILE,SAMSUNG,S24 + (12+512),(12+512),BLACK/VIOLET/GREEN/BLUE/ORANGE,109999,0,,15000,0,,HDFC,EMI/BCB,,,,,0,,HDFC,CB,"3,6,9 NCE",No-cost EMI for Upto 15 months,,
MOBILE,SAMSUNG,S24 + (12+256),(12+256),BLACK/VIOLET/GREEN/BLUE/ORANGE,99999,0,,15000,0,,HDFC,EMI/BCB,,,,,0,,HDFC,CB,"3,6,9 NCE",No-cost EMI for Upto 15 months,,
MOBILE,SAMSUNG,S24 (8/512),(8/512),VIOLET/YELLOW/BLACK/GRAY/GREEN/BLUE/ORANGE,89999,0,,0,13000/8000,20th Dec'24 to 29th Dec'24,,,,,,,8000,20th Dec'24 to 29th Dec'24,,,"3,6,9 NCE",No-cost EMI for Upto 24 months,,
MOBILE,SAMSUNG,S24 (8/256),(8/256),VIOLET/YELLOW/BLACK/GRAY/GREEN/BLUE/ORANGE,79999,0,,0,13000/8000,20th Dec'24 to 29th Dec'24,,,,,,,8000,20th Dec'24 to 29th Dec'24,,,"3,6,9 NCE",No-cost EMI for Upto 24 months,,
MOBILE,SAMSUNG,S24 (8/128),(8/128),VIOLET/YELLOW/BLACK/GRAY/GREEN/BLUE/ORANGE,74999,0,,0,13000/8000,20th Dec'24 to 29th Dec'24,,,,,,,8000,20th Dec'24 to 29th Dec'24,,,"3,6,9 NCE",No-cost EMI for Upto 24 months,,
MOBILE,SAMSUNG,S24 FE (8/256),(8/256),BLUE/GRAPHITE/GRAY/MINT/YELLOW,65999,5000,20th Dec'24 to 29th Dec'24,0,0,,,,,,,,0,,,,"3,6,9 NCE",No-cost EMI for Upto 24 months,,
MOBILE,SAMSUNG,S24 FE (8/128),(8/128),BLUE/GRAPHITE/GRAY/MINT/YELLOW,59999,5000,20th Dec'24 to 29th Dec'24,0,0,,,,,,,,0,,,,"3,6,9 NCE",No-cost EMI for Upto 24 months,,
MOBILE,SAMSUNG,S23 (8/256),(8/256),CREAM/GREEN/LAVENDAR/BLACK,69999,3000,20th Dec'24 to 29th Dec'24,4000,13000,20th Dec'24 to 29th Dec'24,IDFC,EMI/BCB,,,,,13000,20th Dec'24 to 29th Dec'24,IDFC,CB,"3,6 NCE",No-cost EMI for Upto 18 months,,
MOBILE,SAMSUNG,S23 (8/128),(8/128),CREAM/GREEN/LAVENDAR/BLACK,64999,3000,20th Dec'24 to 29th Dec'24,4000,13000,20th Dec'24 to 29th Dec'24,IDFC,EMI/BCB,,,,,13000,20th Dec'24 to 29th Dec'24,IDFC,CB,"3,6 NCE",No-cost EMI for Upto 18 months,,
MOBILE,SAMSUNG,S23 FE 8/256,8/256,GRAPHITE/INDIGO/MINT/PURPLE/TANGERINE,59999,8000,20th Dec'24 to 29th Dec'24,5000,9000,20th Dec'24 to 29th Dec'24,IDFC,ICB,,,,,13000,20th Dec'24 to 29th Dec'24,IDFC,ICB,"3,6 NCE",No-cost EMI for Upto 8 months,,
MOBILE,SAMSUNG,S23 FE 8/128,8/128,GRAPHITE/INDIGO/MINT/PURPLE/TANGERINE,54999,6000,20th Dec'24 to 29th Dec'24,5000,9000,20th Dec'24 to 29th Dec'24,IDFC,ICB,,,,,0,,IDFC,ICB,"3,6 NCE",No-cost EMI for Upto 8 months,,
MOBILE,SAMSUNG,S21 FE5G (8/256),(8/256),WHITE/BLACK/PINK/GREEN,41999,0,,5000,0,,,,,,,,0,,,,,No-cost EMI for Upto 8 months,,
MOBILE,SAMSUNG,A55 12/256,12/256,ICEBLUE/NAVY/LILAC/LEMON,45999,0,,6000/4500,6000,20th Dec'24 to 29th Dec'24,HDFC,CB,,,,,6000,20th Dec'24 to 29th Dec'24,HDFC,CB,"3,6 NCE",No-cost EMI for Upto 18 months,,
MOBILE,SAMSUNG,A55 8/256,8/256,ICEBLUE/NAVY/LILAC/LEMON,42999,0,,6000/4500,6000,20th Dec'24 to 29th Dec'24,HDFC,CB,,,,,6000,20th Dec'24 to 29th Dec'24,HDFC,CB,"3,6 NCE",No-cost EMI for Upto 18 months,,
MOBILE,SAMSUNG,A55 8/128, 8/128,ICEBLUE/NAVY/LILAC/LEMON,39999,0,,6000/4500,6000,20th Dec'24 to 29th Dec'24,HDFC,CB,,,,,6000,20th Dec'24 to 29th Dec'24,HDFC,CB,"3,6 NCE",No-cost EMI for Upto 18 months,,
MOBILE,SAMSUNG,A35 8/256,8/256,ICEBLUE/NAVY/LILAC/LEMON,33999,0,,5000/3500,5000,20th Dec'24 to 29th Dec'24,HDFC,CB,,,,,5000,20th Dec'24 to 29th Dec'24,HDFC,CB,"3,6 NCE",No-cost EMI for Upto 18 months,,
MOBILE,SAMSUNG,A35 8/128,8/128,ICEBLUE/NAVY/LILAC/LEMON,30999,0,,5000/3500,5000,20th Dec'24 to 29th Dec'24,HDFC,CB,,,,,5000,20th Dec'24 to 29th Dec'24,HDFC,CB,"3,6 NCE",No-cost EMI for Upto 18 months,,
MOBILE,SAMSUNG,A54 5G 8/256,8/256,GRAPHITE/LIME/VIOLET,37499,0,,0,0,,,,,,,,0,,,,,No-cost EMI for Upto 8 months,,
MOBILE,SAMSUNG,A54 5G 8/128,8/128,GRAPHITE/LIME/VIOLET,35499,0,,0,0,,,,,,,,0,,,,,No-cost EMI for Upto 8 months,,
MOBILE,SAMSUNG,A34 5G 8/256,8/256,GRAPHITE/LIME/SILVER,24999,0,,0,3000,20th Dec'24 to 29th Dec'24,SBI/AXIS/HSBC/IDFC,ICB/CB,,,,,3000,20th Dec'24 to 29th Dec'24,SBI/AXIS/HSBC/IDFC,ICB/CB,"3,6 NCE",No-cost EMI for Upto 8 months,,
MOBILE,SAMSUNG,A34 5G 8/128,8/128,GRAPHITE/LIME/SILVER,22999,0,,0,3000,20th Dec'24 to 29th Dec'24,SBI/AXIS/HSBC/IDFC,ICB/CB,,,,,3000,20th Dec'24 to 29th Dec'24,SBI/AXIS/HSBC/IDFC,ICB/CB,"3,6 NCE",No-cost EMI for Upto 8 months,,
MOBILE,SAMSUNG,A34 5G 6/128,6/128,GRAPHITE/LIME/SILVER,20999,0,,0,3000,20th Dec'24 to 29th Dec'24,SBI/AXIS/HSBC/IDFC,ICB/CB,,,,,3000,20th Dec'24 to 29th Dec'24,SBI/AXIS/HSBC/IDFC,ICB/CB,"3,6 NCE",No-cost EMI for Upto 8 months,,
MOBILE,SAMSUNG,A25 5G 8/256,8/256,BLUE/BLACK/YELLOW,29999,0,,0,0,,,,,,,,0,,,,,NBFC,,
MOBILE,SAMSUNG,A25 5G 8/128,8/128,BLUE/BLACK/YELLOW,26999,0,,0,0,,,,,,,,0,,,,,NBFC,,
MOBILE,SAMSUNG,A23 5G 8/128,8/128,BLACK/BLUE/WHITE/PEACH,23999,0,,0,0,,,,,,,,0,,,,,NBFC,,
MOBILE,SAMSUNG,A23 5G 6/128,6/128,BLACK/BLUE/WHITE/PEACH,21999,0,,0,0,,,,,,,,0,,,,,NBFC,,
MOBILE,SAMSUNG,A16 5G 8/256,8/256,BLUE/BLACK/GOLD/GREEN,21999,1000,20th Dec'24 to 29th Dec'24,0,0,,,,,,,,0,,,,,No-cost EMI for Upto 18 months,,
MOBILE,SAMSUNG,A16 5G 8/128,8/128,BLUE/BLACK/GOLD/GREEN,18999,1000,20th Dec'24 to 29th Dec'24,0,0,,,,,,,,0,,,,,No-cost EMI for Upto 18 months,,
MOBILE,SAMSUNG,A16 5G 6/128,6/128,BLUE/BLACK/GOLD/GREEN,17499,1000,20th Dec'24 to 29th Dec'24,0,0,,,,,,,,0,,,,,No-cost EMI for Upto 18 months,,
MOBILE,SAMSUNG,A15 5G 8/256,8/256,BLUE/BLACK/BLUEBLACK,19999,0,,0,0,,,,,,,,0,,,,,No-cost EMI for Upto 12 months,,
MOBILE,SAMSUNG,A15 5G 8/128,8/128,BLUE/BLACK/BLUEBLACK,16999,0,,0,0,,,,,,,,0,,,,,No-cost EMI for Upto 12 months,,
MOBILE,SAMSUNG,A15 5G 6/128,6/128,BLUE/BLACK/BLUEBLACK,15499,0,,0,0,,,,,,,,0,,,,,No-cost EMI for Upto 12 months,,
MOBILE,SAMSUNG,A14 5G 8/128,8/128,SILVER/MAROON/BLACK/GREEN,17999,1500,20th Dec'24 to 29th Dec'24,0,0,,,,,,,,0,,,,,No-cost EMI for Upto 12 months,,
MOBILE,SAMSUNG,A14 5G 6/128,6/128,SILVER/MAROON/BLACK/GREEN,15999,1500,20th Dec'24 to 29th Dec'24,0,0,,,,,,,,0,,,,,No-cost EMI for Upto 12 months,,
MOBILE,SAMSUNG,A14 5G 4/128,4/128,SILVER/MAROON/BLACK/GREEN,14499,1500,20th Dec'24 to 29th Dec'24,0,0,,,,,,,,0,,,,,No-cost EMI for Upto 12 months,,
MOBILE,SAMSUNG,A14 5G 4/64,4/64,SILVER/MAROON/BLACK/GREEN,13499,500,20th Dec'24 to 29th Dec'24,0,0,,,,,,,,0,,,,,No-cost EMI for Upto 12 months,,
MOBILE,SAMSUNG,A05S 6/128,6/128,VIOLET/GREEN/BLACK,12999,0,,0,0,,,,,,,,0,,,,,No-cost EMI for Upto 10 months,,
MOBILE,SAMSUNG,A05S 4/128,4/128,VIOLET/GREEN/BLACK,11499,0,,0,0,,,,,,,,0,,,,,No-cost EMI for Upto 10 months,,
MOBILE,SAMSUNG,A06 4/128,4/128,BLUE/BLACK/GOLDEN,11499,0,,0,0,,,,,,,,0,,,,,No-cost EMI for Upto 10 months,,
MOBILE,SAMSUNG,A06 4/64,4/64,BLUE/BLACK/GOLDEN,9999,0,,0,0,,,,,,,,0,,,,,No-cost EMI for Upto 10 months,,
MOBILE,SAMSUNG,A05 6/128,6/128,BLACK/GREEN/SILVER,10499,0,,0,0,,,,,,,,0,,,,,No-cost EMI for Upto 10 months,,
MOBILE,SAMSUNG,A05 4/64,4/64,BLACK/GREEN/SILVER,7999,0,,0,0,,,,,,,,0,,,,,No-cost EMI for Upto 10 months,,
MOBILE,SAMSUNG,A04s 4/128,4/128,BLACK/COPPER/GREEN,13499,0,,0,0,,,,,,,,0,,,,,NBFC,,
MOBILE,SAMSUNG,A04s 4/64,4/64,BLACK/COPPER/GREEN,12499,0,,0,0,,,,,,,,0,,,,,NBFC,,
MOBILE,SAMSUNG,A04 4/128,4/128,BLACK/COPPER/GREEN/WHITE,12999,0,,0,0,,,,,,,,0,,,,,NBFC,,
MOBILE,SAMSUNG,A04 4/64,4/64,BLACK/COPPER/GREEN/WHITE,11999,0,,0,0,,,,,,,,0,,,,,NBFC,,
MOBILE,SAMSUNG,A04E 4/128,4/128,BLACK/COPPER/GREEN,11499,0,,0,0,,,,,,,,0,,,,,NBFC,,
MOBILE,SAMSUNG,A04E 3/64,4/64,BLACK/COPPER/GREEN,9999,0,,0,0,,,,,,,,0,,,,,NBFC,,
MOBILE,SAMSUNG,A04E 3/32,3/32,BLACK/COPPER/GREEN,9299,0,,0,0,,,,,,,,0,,,,,NBFC,,
MOBILE,SAMSUNG,M55s ,8/256,GREEN/BLACK,24499,0,,0,0,,,,,,,,0,,,,,NBFC,,
MOBILE,SAMSUNG,M55s ,8/128,GREEN/BLACK,21499,0,,0,0,,,,,,,,0,,,,,NBFC,,
MOBILE,SAMSUNG,M55 ,12/256,GREEN/BLACK,19999,3000,20th Dec'24 to 29th Dec'24,0,0,,,,,,,,0,,HDFC,ICB/CB,"3,6,9 NCE",No-cost EMI for Upto 15 months,,
MOBILE,SAMSUNG,M55 ,8/256,GREEN/BLACK,16499,500,20th Dec'24 to 29th Dec'24,0,0,,HDFC,ICB/CB,,,,,0,,HDFC,ICB/CB,"3,6,9 NCE",No-cost EMI for Upto 15 months,,
MOBILE,SAMSUNG,M55 ,8/128,GREEN/BLACK,14999,500,20th Dec'24 to 29th Dec'24,0,0,,HDFC,ICB/CB,,,,,0,,HDFC,ICB/CB,"3,6,9 NCE",No-cost EMI for Upto 15 months,,
MOBILE,SAMSUNG,F55 ,12/256,BLACK/APRICOT CRUSH,13499,0,,0,0,,HDFC,ICB/CB,,,,,0,,,,"3,6,9 NCE",No-cost EMI for Upto 15 months,,
MOBILE,SAMSUNG,F55 ,8/256,BLACK/APRICOT CRUSH,15999,0,,0,0,,,,,,,,0,,,,"3,6,9 NCE",No-cost EMI for Upto 15 months,,
MOBILE,SAMSUNG,F55 ,8/128,BLACK/APRICOT CRUSH,14499,0,,0,0,,,,,,,,0,,,,"3,6,9 NCE",No-cost EMI for Upto 15 months,,
MOBILE,SAMSUNG,M35 ,8/256,LIGHT BLUE/DARK BLUE/GREY,12999,3000,20th Dec'24 to 29th Dec'24,0,0,,,,,,,,0,,,,,No-cost EMI for Upto 8 months,,
MOBILE,SAMSUNG,M35 ,8/128,LIGHT BLUE/DARK BLUE/GREY,8999,3000,20th Dec'24 to 29th Dec'24,0,0,,,,,,,,0,,,,,No-cost EMI for Upto 8 months,,
MOBILE,SAMSUNG,M35 ,6/128,LIGHT BLUE/DARK BLUE/GREY,8999,3000,20th Dec'24 to 29th Dec'24,0,0,,,,,,,,0,,,,,No-cost EMI for Upto 8 months,,
MOBILE,SAMSUNG,M15 ,8/128,BLUE TOPAZ/CELESTIAL BLUE/GREY,7999,500,20th Dec'24 to 29th Dec'24,0,1000,20th Dec'24 to 29th Dec'24,,,,,,,1000,20th Dec'24 to 29th Dec'24,,,,No-cost EMI for Upto 10 months,,
MOBILE,SAMSUNG,M15 ,6/128,BLUE TOPAZ/CELESTIAL BLUE/GREY,7999,500,20th Dec'24 to 29th Dec'24,0,1000,20th Dec'24 to 29th Dec'24,AXIS,ICB/CB,,,,,1000,20th Dec'24 to 29th Dec'24,AXIS,CB,,No-cost EMI for Upto 10 months,,
MOBILE,SAMSUNG,M15 ,4/128,BLUE TOPAZ/CELESTIAL BLUE/GREY,27999,500,20th Dec'24 to 29th Dec'24,0,1000,20th Dec'24 to 29th Dec'24,,,,,,,1000,20th Dec'24 to 29th Dec'24,,,,,,
MOBILE,SAMSUNG,F15,8/128,GREEN/VIOLET,29999,1000,20th Dec'24 to 29th Dec'24,0,0,,,,,,,,0,,,,,,,
MOBILE,SAMSUNG,F15,6/128,GREEN/VIOLET,23999,1000,20th Dec'24 to 29th Dec'24,0,0,,,,,,,,0,,,,,,,
MOBILE,SAMSUNG,F15,4/128,GREEN/VIOLET,25999,1000,20th Dec'24 to 29th Dec'24,0,0,,,,,,,,0,,,,,,,
MOBILE,SAMSUNG,M14,4/64,BERRY BLUE/SMOKY TEAL/ICY SILVER,27999,0,,0,0,,,,,,,,0,,,,,,,
MOBILE,SAMSUNG,F14 ,4/64,GREEN/PURPLE,38999,0,,0,0,,,,,,,,0,,,,,,,
MOBILE,SAMSUNG,M05 ,4/64,GREEN,39999,0,,0,0,,,,,,,,0,,,,,,,
MOBILE,SAMSUNG,F05 ,4/64,BLUE,15999,0,,0,1000,20th Dec'24 to 29th Dec'24,,,,,,,1000,20th Dec'24 to 29th Dec'24,,,,,,
MOBILE,NOTHING,CMF,8+128,Black& Blue & White,17999,0,,0,0,,,,,,,,0,,,,,,,
MOBILE,SAMSUNG,Samsung FLIP 5,8+256,MINT/GRAPHITE/LAVENDAR,44999,0,,0,0,,,,,,,,0,,,,,,,
MOBILE,SAMSUNG,Samsung FLIP 5,8+512,GRAPHITE,49999,0,,0,0,,,,,,,,0,,,,,,,
MOBILE,SAMSUNG,Samsung FLIP 4,8+256,BLUE/GOLD/CREAM,29999,0,,0,0,,,,,,,,0,,,,,,,
MOBILE,SAMSUNG,Samsung FLIP 4,8+512,PURPLE/GOLD/GRAPHITE,32999,0,,0,0,,,,,,,,0,,,,,,,
MOBILE,SAMSUNG,Samsunng S23,8+128,CREAM,39999,0,,0,0,,,,,,,,0,,,,,,,
MOBILE,SAMSUNG,Samsunng S23,8+256,CREAM,42999,0,,0,0,,,,,,,,0,,,,,,,
MOBILE,PIXEL,Google Pixel 7PRO,12+128,SNOW/HAZEL/OBSIDIAN,32999,0,,0,0,,,,,,,,0,,,,,,,
MOBILE,PIXEL,Google Pixel 6,8+128,SORTA SEAFOAM,20499,0,,0,0,,,,,,,,0,,,,,,,
MOBILE,PIXEL,Google Pixel 6 PRO,12+256,BLACK/WHITE,19999,0,,0,0,,,,,,,,0,,,,,,,
MOBILE,PIXEL, Google Pixel 6A,6+128,CHALK/ CHARCOAL,16999,0,,0,0,,,,,,,,0,,,,,,,
MOBILE,PIXEL,Google Pixel 7,8+128,LEMONGRASS,23999,0,,0,0,,,,,,,,0,,,,,,,
MOBILE,PIXEL,Google Pixel 7A,8+128,CORAL/CHARCOAL,21999,0,,0,0,,,,,,,,0,,,,,,,
MOBILE,PIXEL,Google Pixel 8 PRO,12+128,OBSIDIAN/BAY BLUE/ PORCELAIN,48999,0,,0,0,,,,,,,,0,,,,,,,
MOBILE,APPLE,Iphone 12,128,GREEN/BLUE,26999,0,,0,0,,,,,,,,0,,,,,,,
MOBILE,APPLE,Iphone13,128,GREEN/PINK/STARLIGHT,34999,0,,0,0,,,,,,,,0,,,,,,,
MOBILE,APPLE,Iphone12 PRO,256,GRAPHITE/SILVER/GOLD,48999,0,,0,0,,,,,,,,0,,,,,,,
MOBILE,APPLE,Iphone 12 PRO,512,GOLD,54999,0,,0,0,,,,,,,,0,,,,,,,
MOBILE,APPLE,Iphone 12 PRO MAX,128,GRAPHITE,62999,0,,0,0,,,,,,,,0,,,,,,,
MOBILE,APPLE,Iphone 12 PRO MAX,256,SILVER,67999,0,,0,0,,,,,,,,0,,,,,,,
MOBILE,APPLE,Iphone 13  PRO,128,GRAPHITE,66999,0,,0,0,,,,,,,,0,,,,,,,
MOBILE,APPLE,Iphone 13  PRO,256,GRAPHITE,72999,0,,0,0,,,,,,,,0,,,,,,,
Accessory,Samsung,Samsung 25W Adapter,-,-,1300,0,,0,0,,,,,,,,0,,,,,,,
Accessory,Samsung,Samsung EP-T2510NBNGIN 25W PD Adaptor Black,-,-,1300,0,,0,0,,,,,,,,0,,,,,,,
Accessory,Apple,Apple 20W USB-C Power Adapter,-,-,1800,0,,0,0,,,,,,,,0,,,,,,,
Accessory,Apple,Apple Earpods With Lightning ,-,-,1800,0,,0,0,,,,,,,,0,,,,,,,
Accessory,Apple,Apple Earpods WithUSB-C,-,-,1800,0,,0,0,,,,,,,,0,,,,,,,
Accessory,Stuffcool,iPhone 15 Stuffcool Lead Case,-,-,1500,0,,0,0,,,,,,,,0,,,,,,,
Accessory,Stuffcool,iPhone 15 Stuffcool Temper Glass,-,-,599,0,,0,0,,,,,,,,0,,,,,,,
Accessory,Stuffcool,iPhone 16 Pro Max Stuffcool Lead Magsafe Case,-,-,1699,0,,0,0,,,,,,,,0,,,,,,,
Accessory,Stuffcool,iPhone 16 Pro Max Stuffcool Lead Mat Mag Safe Case,-,-,1699,0,,0,0,,,,,,,,0,,,,,,,
Accessory,Stuffcool,iPhone 16 Pro Stuffcool Lead Magsafe Case,-,-,1599,0,,0,0,,,,,,,,0,,,,,,,
Accessory,Stuffcool,iPhone 16 Pro Stuffcool Lead Mat Mag Safe Case,-,-,1599,0,,0,0,,,,,,,,0,,,,,,,
Accessory,Stuffcool,iPhone 16 Pro Stuffcool Premier Mag Safe Case,-,-,1599,0,,0,0,,,,,,,,0,,,,,,,
Accessory,Stuffcool,iPhone 16 Pro Stuffcool Temper Glass,-,-,599,0,,0,0,,,,,,,,0,,,,,,,
Accessory,Stuffcool,iPhone 16 Stuffcool Lead Mat Mag Safe Case,-,-,1499,0,,0,0,,,,,,,,0,,,,,,,
Accessory,Stuffcool,iPhone 16 Stuffcool Temper Glass,-,-,599,0,,0,0,,,,,,,,0,,,,,,,
Accessory,Vaku,"Apple iPhone 15 Plus Vaku Luxos Privacy Tempered Glass
",-,-,799,0,,0,0,,,,,,,,0,,,,,,,
Accessory,Vaku,Apple iPhone 15 Vaku Luxos Clear HD Tempered Glass,-,-,699,0,,0,0,,,,,,,,0,,,,,,,
Accessory,Vaku,Apple iPhone 15 Vaku Luxos Privacy Tempered Glass,-,-,799,0,,0,0,,,,,,,,0,,,,,,,
Accessory,Vaku,Apple iPhone 16 plus Vaku Luxos Ariston kickmag Aluminium bracket Magsafe c,-,-,1999,0,,0,0,,,,,,,,0,,,,,,,
Accessory,Vaku,Apple iPhone 16 plus Vaku Luxos therox magpro case,-,-,1999,0,,0,0,,,,,,,,0,,,,,,,
Accessory,Vaku,Apple iPhone 16 plus Vaku Luxos Zenix magpro case,-,-,1999,0,,0,0,,,,,,,,0,,,,,,,
Accessory,Vaku,Apple iPhone 16 plus Vaku Screen protector Clear Tempered Glass,-,-,799,0,,0,0,,,,,,,,0,,,,,,,
Accessory,Vaku,Apple iPhone 16 pro max Vaku Luxos Ariston kickmag Aluminium bracket Magsaf,-,-,2199,0,,0,0,,,,,,,,0,,,,,,,
Accessory,Vaku,Apple iPhone 16 pro max Vaku Luxos theroxmagprocase,-,-,2199,0,,0,0,,,,,,,,0,,,,,,,
Accessory,Vaku,Apple iPhone 16 pro max Vaku Luxos Zenix magpro case,-,-,2199,0,,0,0,,,,,,,,0,,,,,,,
Accessory,Vaku,Apple iPhone 16 pro max Vaku Privacy Tempered Glass,-,-,999,0,,0,0,,,,,,,,0,,,,,,,
Accessory,Vaku,Apple iPhone 16 pro max Vaku Screen protector Clear Tempered Glass,-,-,799,0,,0,0,,,,,,,,0,,,,,,,
Accessory,Vaku,Apple iPhone 16 pro Vaku Luxos Ariston kickmag Aluminium bracket Magsafe ca,-,-,1999,0,,0,0,,,,,,,,0,,,,,,,
Accessory,Vaku,Apple iPhone 16 pro Vaku Luxos Liquid silicon magpro,-,-,1999,0,,0,0,,,,,,,,0,,,,,,,
Accessory,Vaku,Apple iPhone 16 pro Vaku Luxos therox magpro case,-,-,1999,0,,0,0,,,,,,,,0,,,,,,,
Accessory,Vaku,Apple iPhone 16 pro Vaku Luxos Zenix magpro case,-,-,1199,0,,0,0,,,,,,,,0,,,,,,,
Accessory,Vaku,Apple iPhone 16 pro Vaku Privacy Tempered Glass,-,-,999,0,,0,0,,,,,,,,0,,,,,,,
Accessory,Vaku,Apple iPhone 16 pro Vaku Screen protector Clear Tempered Glass,-,-,799,0,,0,0,,,,,,,,0,,,,,,,
Accessory,Vaku,Apple iPhone 16 Vaku Luxos Ariston kickmag Aluminium bracket Magsafe case,-,-,1999,0,,0,0,,,,,,,,0,,,,,,,
Accessory,Vaku,Apple iPhone 16 Vaku Luxos therox magpro case,-,-,1999,0,,0,0,,,,,,,,0,,,,,,,
Accessory,Vaku,Apple iPhone 16 Vaku Luxos Zenix magpro case,-,-,1999,0,,0,0,,,,,,,,0,,,,,,,
Accessory,Vaku,Apple iPhone 16 Vaku Privacy Tempered Glass,-,-,999,0,,0,0,,,,,,,,0,,,,,,,
Accessory,Vaku,Apple iPhone 16 Vaku Screen protector Clear Tempered Glass,-,-,899,0,,0,0,,,,,,,,0,,,,,,,
Accessory,Ultraprolink,ULP 48W DUAL C To C Cable UM1157C,-,-,899,0,,0,0,,,,,,,,0,,,,,,,
Accessory,Ultraprolink,ULP 48W DUAL C To LIGHTNING Cable UM1157L,-,-,999,0,,0,0,,,,,,,,0,,,,,,,
Accessory,Ultraprolink,ULP BOOST 100W Travel  Charger UM1136,-,-,999,0,,0,0,,,,,,,,0,,,,,,,
Accessory,Ultraprolink,ULP BOOST PD 125 CHARGER TYPE C To C Cable UM1134C,-,-,1299,0,,0,0,,,,,,,,0,,,,,,,
Accessory,Ultraprolink,ULP BOOST PD 125 CHARGER TYPE USB To C Cable UM1134A,-,-,1299,0,,0,0,,,,,,,,0,,,,,,,
Accessory,Ultraprolink,ULP BOOST PD 30W CHARGER UM1132,-,-,899,0,,0,0,,,,,,,,0,,,,,,,
Accessory,Ultraprolink,ULP TRIO LINK+ 3 IN 1 CHARGING CABLE UL1142,-,-,599,0,,0,0,,,,,,,,0,,,,,,,
Accessory,Ultraprolink,ULP TYPE C To C Cable 1.5M UL1162,-,-,399,0,,0,0,,,,,,,,0,,,,,,,
Accessory,Ultraprolink,ULP TYPE C To C Cable UL1051,-,-,249,0,,0,0,,,,,,,,0,,,,,,,
Accessory,Ultraprolink,ULP TYPE C-LIGHTNING NYLON PD Cable 1.5MUL1052White,-,-,599,0,,0,0,,,,,,,,0,,,,,,,
Accessory,Ultraprolink,ULP TYPE C-LIGHTNING NYLON PD Cable 1M UL1052 Black,-,-,499,0,,0,0,,,,,,,,0,,,,,,,
Accessory,Ultraprolink,ULP ZAP+ USB to Lightning  UL1071,-,-,199,0,,0,0,,,,,,,,0,,,,,,,
Accessory,Ultraprolink,ULP ZAP+ USB To Type C UL1070,-,-,199,0,,0,0,,,,,,,,0,,,,,,,
Accessory,Ultraprolink,ULP ZOOM USB To Type C 65W FAST Cable UL1097,-,-,349,0,,0,0,,,,,,,,0,,,,,,,
Accessory,Ultraprolink,UPL Zoom PD 240 C ToC1.5M1163,-,-,749,0,,0,0,,,,,,,,0,,,,,,,
Accessory,Ultraprolink,UPL Zoom PD 60 C ToC1.5M1162,-,-,399,0,,0,0,,,,,,,,0,,,,,,,
Accessory,Ambrane,Ambrane 10000mAh Powerbank 22.5W FC Force Black,-,-,1299,0,,0,0,,,,,,,,0,,,,,,,
Accessory,Ambrane,Ambrane 2.1Amp Micro USB Turbo Charger AWC47 Black,-,-,249,0,,0,0,,,,,,,,0,,,,,,,
Accessory,Ambrane,Ambrane 20000mAh Mini Power Bank XL Lite Green,-,-,1899,0,,0,0,,,,,,,,0,,,,,,,
Accessory,Ambrane,Ambrane 20W 3 A Multiport Mobile Charger ACW-20 White,-,-,599,0,,0,0,,,,,,,,0,,,,,,,
Accessory,Ambrane,Ambrane 3A Braided Type-C Cable BCT-15 1.5M Black-Grey,-,-,149,0,,0,0,,,,,,,,0,,,,,,,
Accessory,Ambrane,Ambrane ACL-11 iPhone Lightning Cable 1M White,-,-,149,0,,0,0,,,,,,,,0,,,,,,,
Accessory,Ambrane,Ambrane ACT-20 2m Type C USB Cable White ,-,-,149,0,,0,0,,,,,,,,0,,,,,,,
Accessory,Ambrane,Ambrane Car Charger IMPULZ C11 Black,-,-,649,0,,0,0,,,,,,,,0,,,,,,,
Accessory,Ambrane,Ambrane USB Type C Cable ACT-11 Black,-,-,149,0,,0,0,,,,,,,,0,,,,,,,
Accessory,Ambrane,Ambrane USB Type-C Turbo Charger AWC47 Black,-,-,299,0,,0,0,,,,,,,,0,,,,,,,
Accessory,Boat,Boat Airdopes 138 Pro Active Black,-,-,1299,0,,0,0,,,,,,,,0,,,,,,,
Accessory,Boat,Boat Airdopes 141 ANC,-,-,1599,0,,0,0,,,,,,,,0,,,,,,,
Accessory,Boat,Boat Airdopes Kick Black,-,-,1299,0,,0,0,,,,,,,,0,,,,,,,
Accessory,Boat,Boat Airdopes Kick Bold Blue,-,-,1299,0,,0,0,,,,,,,,0,,,,,,,
Accessory,Boat,Boat Airpods 138 Airdopes,-,-,1099,0,,0,0,,,,,,,,0,,,,,,,
Accessory,Boat,Boat BassHeads 100 Wired Headphones with Mic Black,-,-,399,0,,0,0,,,,,,,,0,,,,,,,
Accessory,Boat,Boat Rocker 330 Neckband Black,-,-,1399,0,,0,0,,,,,,,,0,,,,,,,
Accessory,Boat,Boat Rockerz 103 V2 Pro Black,-,-,999,0,,0,0,,,,,,,,0,,,,,,,
Accessory,Boat,Boat Rockerz 111 Active Black,-,-,999,0,,0,0,,,,,,,,0,,,,,,,
Accessory,Boat,Boat Rockerz 111 wirelessEarphone,-,-,999,0,,0,0,,,,,,,,0,,,,,,,
Accessory,Boat,Boat Rockerz 195 V2 Pro Deep Blue,-,-,999,0,,0,0,,,,,,,,0,,,,,,,
Accessory,Fire Boltt,Fire Boltt SW Asphalt Gold Green,-,-,2350,0,,0,0,,,,,,,,0,,,,,,,
Accessory,Fire Boltt,Fire Boltt SW Asphalt Gold White,-,-,2350,0,,0,0,,,,,,,,0,,,,,,,
Accessory,Fire Boltt,Fire Boltt SW Asphalt Gunmetal Orange,-,-,2350,0,,0,0,,,,,,,,0,,,,,,,
Accessory,Fire Boltt,Fire Boltt SW Asphalt Silver Blue,-,-,2350,0,,0,0,,,,,,,,0,,,,,,,
Accessory,Fire Boltt,Fire Boltt SW Asphalt Silver Green,-,-,2350,0,,0,0,,,,,,,,0,,,,,,,
Accessory,Fire Boltt,Fire Boltt SW Gladiator Blue O,-,-,1299,0,,0,0,,,,,,,,0,,,,,,,
Accessory,Fire Boltt,Fire Boltt SW Gladiator Gold Black O,-,-,1299,0,,0,0,,,,,,,,0,,,,,,,
Accessory,Fire Boltt,Fire Boltt SW Gladiator LightGoldO,-,-,1299,0,,0,0,,,,,,,,0,,,,,,,
Accessory,Fire Boltt,Fire Boltt SW Ninja Fit Pro Red,-,-,1150,0,,0,0,,,,,,,,0,,,,,,,
Accessory,Fire Boltt,Fire Boltt SW Phoenix Amoled Black,-,-,1750,0,,0,0,,,,,,,,0,,,,,,,
Accessory,Fire Boltt,Fire Boltt SW Phoenix Amoled Silver,-,-,1750,0,,0,0,,,,,,,,0,,,,,,,
Accessory,Fire Boltt,Fire Boltt SW Royale Gold SS,-,-,2699,0,,0,0,,,,,,,,0,,,,,,,
Accessory,Fire Boltt,Fire Boltt SW Royale Rose Gold SS,-,-,2699,0,,0,0,,,,,,,,0,,,,,,,
Accessory,Fire Boltt,Fire Boltt SW Royale Silver SS,-,-,2699,0,,0,0,,,,,,,,0,,,,,,,
Accessory,Fire Boltt,Fire Boltt Watch BSW005-RING,-,-,1799,0,,0,0,,,,,,,,0,,,,,,,
Accessory,Fire Boltt,Fire Boltt Watch BSW039-NINJA CALLING PRO,-,-,1699,0,,0,0,,,,,,,,0,,,,,,,
Accessory,Fire Boltt,Fire Boltt Watch BSW119-SHARK,-,-,1799,0,,0,0,,,,,,,,0,,,,,,,
Accessory,Itel,Itel IEP-51 1.2M Black,-,-,299,0,,0,0,,,,,,,,0,,,,,,,
Accessory,Itel,Itel IEP-L20 Pro 1.2M Black,-,-,99,0,,0,0,,,,,,,,0,,,,,,,
Accessory,Itel,Itel IEP-L20 Pro 1.2M Ivory White,-,-,99,0,,0,0,,,,,,,,0,,,,,,,
Accessory,Lava,Lava Probuds E1 Earphone ,-,-,399,0,,0,0,,,,,,,,0,,,,,,,
Accessory,Lava,Lava Probuds N32 Black,-,-,1199,0,,0,0,,,,,,,,0,,,,,,,
Accessory,Lava,Lava Probuds N32 Black Green,-,-,1199,0,,0,0,,,,,,,,0,,,,,,,
Accessory,Lava,Lava Probuds N32 Black Orange,-,-,1199,0,,0,0,,,,,,,,0,,,,,,,
Accessory,Lava,Lava Probuds N41 Black,-,-,1099,0,,0,0,,,,,,,,0,,,,,,,
Accessory,Lava,Lava Probuds N41 Blue,-,-,1099,0,,0,0,,,,,,,,0,,,,,,,
Accessory,Lava,Lava Probuds N41 Green,-,-,1099,0,,0,0,,,,,,,,0,,,,,,,
Accessory,Redmi ,Mi 2A Fast Charger With Cable,-,-,499,0,,0,0,,,,,,,,0,,,,,,,
Accessory,Redmi ,Mi Portable Bluetooth Speaker Blue,-,-,1699,0,,0,0,,,,,,,,0,,,,,,,
Accessory,Redmi ,Mi SonicCharge 2.0 33W Charger White ,-,-,1299,0,,0,0,,,,,,,,0,,,,,,,
Accessory,Redmi ,Mi USB Cable 120cm Black,-,-,249,0,,0,0,,,,,,,,0,,,,,,,
Accessory,Redmi ,Redmi Buds 3 Lite,-,-,899,0,,0,0,,,,,,,,0,,,,,,,
Accessory,Redmi ,Redmi Buds 4 Active Bass Black,-,-,1499,0,,0,0,,,,,,,,0,,,,,,,
Accessory,Redmi ,Redmi Buds 5A Black,-,-,1499,0,,0,0,,,,,,,,0,,,,,,,
Accessory,Redmi ,Redmi Buds 5A White,-,-,1499,0,,0,0,,,,,,,,0,,,,,,,
Accessory,Redmi ,Redmi Buds 5C Black,-,-,1999,0,,0,0,,,,,,,,0,,,,,,,
Accessory,Redmi ,Redmi Power Bank 20000mAh Black,-,-,1299,0,,0,0,,,,,,,,0,,,,,,,
Accessory,Redmi ,Redmi Power Bank 3i 10000mAh Blue,-,-,1299,0,,0,0,,,,,,,,0,,,,,,,
Accessory,Redmi ,Redmi Smart Band Pro,-,-,1000,0,,0,0,,,,,,,,0,,,,,,,
Accessory,Redmi ,Redmi SonicBass Wireless Earphones 2 Black,-,-,1399,0,,0,0,,,,,,,,0,,,,,,,
Accessory,Redmi ,Redmi SonicBass Wireless Earphones 2 Blue,-,-,1399,0,,0,0,,,,,,,,0,,,,,,,
Accessory,Redmi ,Redmi Watch 3 Active Platinum Grey,-,-,2999,0,,0,0,,,,,,,,0,,,,,,,
Accessory,Redmi ,Xiaomi 22.5W Fast Charger Combo,-,-,699,0,,0,0,,,,,,,,0,,,,,,,
Accessory,Redmi ,Xiaomi Hypercharge Type-c To Type-c Braided Cable,-,-,499,0,,0,0,,,,,,,,0,,,,,,,
Accessory,Redmi ,Xiaomi Pocket Power Bank 10000mah 22.5W With Built-in Cable Blue,-,-,1699,0,,0,0,,,,,,,,0,,,,,,,
Accessory,Redmi ,Xiaomi Power Bank 4i 10000mAh 22.5W Fast Charger Classic Black,-,-,1299,0,,0,0,,,,,,,,0,,,,,,,
Accessory,Redmi ,Xiaomi Power Bank 4i 10000mAh 22.5W Fast Charger Olive Green,-,-,1299,0,,0,0,,,,,,,,0,,,,,,,
Accessory,Redmi ,Xiaomi Power Bank 4i 20000mAh 33W Sonic Charger Jet Black,-,-,1899,0,,0,0,,,,,,,,0,,,,,,,
Accessory,Redmi ,Xiaomi Power Bank 4i 20000mAh 33W Sonic Charger Nitro Green,-,-,1899,0,,0,0,,,,,,,,0,,,,,,,
Accessory,Redmi ,Xiaomi Power Bank 4i 20000mAh 33W Sonic Charger Turbo Blue,-,-,1899,0,,0,0,,,,,,,,0,,,,,,,
Accessory,Redmi ,Xiaomi Smart Speaker (IR Control),-,-,900,0,,0,0,,,,,,,,0,,,,,,,
Accessory,Oneplus,Oneplus Bullets Wireless Z2 Acoustic Red ,-,-,1499,0,,0,0,,,,,,,,0,,,,,,,
Accessory,Oneplus,OnePlus Bullets Wireless Z2 ANC BoominBlack,-,-,1999,0,,0,0,,,,,,,,0,,,,,,,
Accessory,Oneplus,Oneplus Bullets Wireless Z2 ANCGrandGreen,-,-,1999,0,,0,0,,,,,,,,0,,,,,,,
Accessory,Oneplus,Oneplus Bullets Wireless Z2 Beam Blue,-,-,1499,0,,0,0,,,,,,,,0,,,,,,,
Accessory,Oneplus,Oneplus Bullets Wireless Z2 Jazz Green,-,-,1499,0,,0,0,,,,,,,,0,,,,,,,
Accessory,Oneplus,Oneplus Bullets Wireless Z2 Magico Black,-,-,1499,0,,0,0,,,,,,,,0,,,,,,,
Accessory,Poco,Poco Pods True Wireless Earbud Midnight Groove,-,-,899,0,,0,0,,,,,,,,0,,,,,,,
Accessory,Procut,Procut Clear Films,-,-,299,0,,0,0,,,,,,,,0,,,,,,,
Accessory,Procut,Procut Matt Films,-,-,399,0,,0,0,,,,,,,,0,,,,,,,
Accessory,Procut,Procut Super Repair HD Films,-,-,499,0,,0,0,,,,,,,,0,,,,,,,
Accessory,pTron,Ptron BTS Fusion Stage 20W Black,-,-,1299,0,,0,0,,,,,,,,0,,,,,,,
Accessory,Realme,Realme Buds T110 with Ai ENC Black,-,-,1599,0,,0,0,,,,,,,,0,,,,,,,
Accessory,Realme,Realme Buds Wireless 3 Neo Neckband Black,-,-,1399,0,,0,0,,,,,,,,0,,,,,,,
Accessory,Tempt,Tempt Wave Lite TWS Earbuds White,-,-,599,0,,0,0,,,,,,,,0,,,,,,,
Accessory,Phonokart,Phonokart Adam Plus Charger With Micro Cable,-,-,199,0,,0,0,,,,,,,,0,,,,,,,
Accessory,Phonokart,Phonokart adam plus charger with type c cable white ,-,-,199,0,,0,0,,,,,,,,0,,,,,,,
Accessory,Phonokart,Phonokart Camera Glass Protector Iphone 13,-,-,99,0,,0,0,,,,,,,,0,,,,,,,
Accessory,Phonokart,Phonokart Hyper Series With Type C Cable White,-,-,199,0,,0,0,,,,,,,,0,,,,,,,
Accessory,Phonokart,Phonokart Iphone 12 / 12 Mini Lens Shield,-,-,149,0,,0,0,,,,,,,,0,,,,,,,
Accessory,Phonokart,Phonokart Iphone 13 / 13 Mini Lens Shield,-,-,149,0,,0,0,,,,,,,,0,,,,,,,
Accessory,Phonokart,Phonokart Micro USB Cable Black ,-,-,99,0,,0,0,,,,,,,,0,,,,,,,
Accessory,Phonokart,Phonokart Micro USB Cable White,-,-,99,0,,0,0,,,,,,,,0,,,,,,,
Accessory,Phonokart,Phonokart Orbit Lighting Cable 1.5m Black,-,-,249,0,,0,0,,,,,,,,0,,,,,,,
Accessory,Phonokart,Phonokart Orbit Micro Cable Black ,-,-,149,0,,0,0,,,,,,,,0,,,,,,,
Accessory,Phonokart,Phonokart Orbit Type C Cable Black,-,-,249,0,,0,0,,,,,,,,0,,,,,,,
Accessory,Phonokart,Phonokart Rapid C2L Type C To Lightning Cable,-,-,299,0,,0,0,,,,,,,,0,,,,,,,
Accessory,Phonokart,Phonokart Rapid Series With Micro USB Cable,-,-,99,0,,0,0,,,,,,,,0,,,,,,,
Accessory,Phonokart,Phonokart Rapid Series With Type C Cable Black,-,-,149,0,,0,0,,,,,,,,0,,,,,,,
Accessory,Phonokart,Phonokart Rapid Series With Type C Cable White,-,-,149,0,,0,0,,,,,,,,0,,,,,,,
Accessory,Phonokart,Phonokart Solo Quick Charger Micro Usb White,-,-,349,0,,0,0,,,,,,,,0,,,,,,,
Accessory,Phonokart,Phonokart Solo Quick Charger Type C White,-,-,349,0,,0,0,,,,,,,,0,,,,,,,
Accessory,Phonokart,Phonokart Solo V Quick Charger,-,-,599,0,,0,0,,,,,,,,0,,,,,,,
Accessory,Portronics,Portronics  Harmonics Twins S3 Earbuds Black,-,-,699,0,,0,0,,,,,,,,0,,,,,,,
Accessory,Portronics,Portronics Adapto 42 Dual Micro USB Port ,-,-,249,0,,0,0,,,,,,,,0,,,,,,,
Accessory,Portronics,Portronics Adapto 42M Dual USB Port With Micro Cable White ,-,-,199,0,,0,0,,,,,,,,0,,,,,,,
Accessory,Portronics,Portronics Adapto One 3.0 A Quick Charger White,-,-,299,0,,0,0,,,,,,,,0,,,,,,,
Accessory,Portronics,Portronics Conch 10 Wired Earphone White POR 1418,-,-,249,0,,0,0,,,,,,,,0,,,,,,,
Accessory,Portronics,Portronics Conch 40 8 Pin Wired Earphone White ,-,-,449,0,,0,0,,,,,,,,0,,,,,,,
Accessory,Portronics,Portronics IKonnect -C Type C To 3.5mm Aux Black,-,-,299,0,,0,0,,,,,,,,0,,,,,,,
Accessory,Portronics,Portronics Konnect Aux 7 Cable Grey,-,-,149,0,,0,0,,,,,,,,0,,,,,,,
